x.1	x.2	x.3	x.4	x.5	x.6	y.1	y.2	y.3	y.4	y.5	y.6
0	0	0	0	0	0	-7.475733430966398	-5.177765235023217	-6.5689646570595315	-4.713864671020233	-4.912681849387156	-3.749063736684076
2.4346682136961676e-4	0.006474529662083335	1.627349401020086e-4	0.016113878454907565	1.4961463293203505e-4	0.018596507251295195	-7.475733430966398	-5.177765235023217	-6.5689646570595315	-4.713864671020233	-4.912681849387156	-3.749063736684076
2.745631923669358e-4	0.006654474041069258	1.7919251757836217e-4	0.01748691408207541	1.4205872902939415e-4	0.01993832400392237	-7.439896005667684	-5.150694919693431	-6.530016636276801	-4.694879335333319	-4.8774845144738945	-3.7295121413596606
3.036719344491166e-4	0.0068002014974472245	1.8567479438289785e-4	0.01892103369046345	1.222254583058712e-4	0.021283567066949872	-7.40405858036897	-5.123624604363646	-6.49106861549407	-4.675893999646404	-4.842287179560634	-3.709960546035245
3.336811415385613e-4	0.006912021432614833	1.8274437017490002e-4	0.020407926469347117	9.540398827902847e-5	0.022622709677765605	-7.368221155070256	-5.096554289033861	-6.45212059471134	-4.6569086639594905	-4.807089844647372	-3.69040895071083
3.630090077344048e-4	0.006998817979139555	1.7224822461170124e-4	0.02195656953905728	6.788861062974834e-5	0.023947776658114466	-7.332383729771543	-5.0694839737040756	-6.413172573928609	-4.637923328272576	-4.77189250973411	-3.6708573553864148
3.852924978179293e-4	0.007066776318712697	1.5792336093275382e-4	0.023557021973444166	4.5141226079326836e-5	0.0252468301548512	-7.2965463044728285	-5.04241365837429	-6.374224553145878	-4.6189379925856615	-4.7366951748208495	-3.6513057600619994
3.928800453831216e-4	0.007123354261302077	1.45408066469971e-4	0.025219008937091263	3.142690733112993e-5	0.02651686607617405	-7.260708879174115	-5.0153433430445045	-6.335276532363148	-4.599952656898747	-4.701497839907588	-3.631754164737584
3.819473802002501e-4	0.00717627418284171	1.4154178973021462e-4	0.02693045636918847	2.9173293218036602e-5	0.027743823179895235	-7.2248714538754015	-4.98827302771472	-6.296328511580417	-4.580967321211833	-4.666300504994327	-3.6122025694131685
3.564746883363391e-4	0.007233030835203061	1.5223745175542823e-4	0.028700583015214547	4.0938867228267124e-5	0.028930969686258474	-7.189034028576687	-4.961202712384934	-6.257380490797686	-4.561981985524919	-4.631103170081065	-3.592650974088753
3.29669319266814e-4	0.0072993483902077496	1.784228855219212e-4	0.030515571763204883	7.045326831396154e-5	0.03006521554225267	-7.153196603277974	-4.934132397055149	-6.218432470014956	-4.542996649838004	-4.5959058351678035	-3.573099378764338
3.185900611533372e-4	0.007382698519793221	2.1685992005514084e-4	0.032380927289010625	1.2255419156701969e-4	0.031154447930211878	-7.11735917797926	-4.907062081725363	-6.179484449232225	-4.52401131415109	-4.560708500254543	-3.5535477834399227
3.359845418628514e-4	0.007488214394594061	2.6129744824580225e-4	0.034283069997315715	2.0267017069993656e-4	0.03219099736895161	-7.081521752680546	-4.879991766395578	-6.1405364284494945	-4.505025978464176	-4.525511165341281	-3.5339961881155073
3.863917629739137e-4	0.007622094872897401	3.0515719069914855e-4	0.036222133252826506	3.171030210741281e-4	0.03318523037391551	-7.045684327381832	-4.852921451065793	-6.101588407666764	-4.486040642777262	-4.49031383042802	-3.514444592791092
4.65016448146224e-4	0.007793858548563185	3.438088452284656e-4	0.03818531159362208	4.6781965882311966e-4	0.034137437428909095	-7.009846902083119	-4.825851135736007	-6.062640386884033	-4.467055307090347	-4.455116495514758	-3.4948929974666765
5.601149292406588e-4	0.008007601574041937	3.756730430746009e-4	0.04016749440818693	6.569675091790714e-4	0.03505972216085137	-6.9740094767844045	-4.798780820406222	-6.023692366101303	-4.448069971403433	-4.419919160601497	-3.475341402142261
6.564625911768141e-4	0.00828395991035452	4.014008172162975e-4	0.04215728161211593	8.856369754526852e-4	0.035960681460185225	-6.938172051485691	-4.771710505076436	-5.984744345318572	-4.429084635716518	-4.384721825688236	-3.455789806817846
7.413422871239836e-4	0.00862719893487306	4.220148920616375e-4	0.0441458168125958	0.0011535494644026418	0.03685394521619156	-6.902334626186978	-4.744640189746652	-5.945796324535841	-4.4100993000296045	-4.349524490774974	-3.4362382114934307
8.069542188390143e-4	0.00906369313288574	4.393598226422796e-4	0.046124015259548574	0.0014592452947750918	0.03775460589239202	-6.866497200888263	-4.717569874416866	-5.906848303753111	-4.39111396434269	-4.3143271558617124	-3.4166866161690153
8.504001042907014e-4	0.009610039240751822	4.5738555716551515e-4	0.048082001485214666	0.0017982018570803237	0.03867813223946681	-6.83065977558955	-4.690499559087081	-5.86790028297038	-4.3721286286557755	-4.279129820948452	-3.3971350208446
8.738235702041476e-4	0.010289248157669906	4.8330314482513054e-4	0.050014116941086165	0.002162750050464229	0.039642331525925535	-6.794822350290836	-4.663429243757295	-5.8289522621876495	-4.353143292968861	-4.24393248603519	-3.3775834255201844
8.840487567605886e-4	0.011138455081660711	5.25654851867211e-4	0.05191291117305249	0.002543867823624492	0.04066515945138204	-6.758984924992122	-4.63635892842751	-5.790004241404919	-4.334157957281947	-4.208735151121928	-3.3580318301957695
8.920621675573441e-4	0.012163977951245943	5.889723151564598e-4	0.0537773507166182	0.002928220548340717	0.041762097901842904	-6.723147499693408	-4.609288613097725	-5.751056220622188	-4.315172621595033	-4.173537816208667	-3.338480234871354
9.079250814683096e-4	0.013431180851197988	6.717227034620744e-4	0.05560567790435567	0.0032972462581354286	0.042954248391396936	-6.687310074394695	-4.582218297767939	-5.712108199839458	-4.296187285908118	-4.138340481295406	-3.3189286395469386
9.364389313811043e-4	0.014928271960218622	7.664184718475819e-4	0.05740261652689018	0.003628662858476168	0.044249579189770176	-6.651472649095981	-4.555147982438154	-5.673160179056727	-4.277201950221204	-4.103143146382145	-3.299377044222523
9.746598262903756e-4	0.016707045828567847	8.634572330654228e-4	0.05917413167718661	0.0039128194224215904	0.04567265027038439	-6.615635223797267	-4.528077667108368	-5.634212158273996	-4.258216614534289	-4.067945811468883	-3.279825448898108
0.001011721378110105	0.018773017298633208	9.566507466373897e-4	0.060931573956959105	0.0041642302105057115	0.04721982717807116	-6.579797798498554	-4.501007351778584	-5.595264137491266	-4.239231278847376	-4.032748476555621	-3.2602738535736924
0.0010312858036668343	0.02113745797791491	0.0010486154693326905	0.06268852299746498	0.004421120183183019	0.048918846101117595	-6.543960373199839	-4.473937036448798	-5.556316116708535	-4.220245943160461	-3.9975511416423606	-3.240722258249277
0.0010202721682233396	0.023827072567132217	0.0011495201182946109	0.06446334816508936	0.0047321810595035135	0.050752517188375264	-6.508122947901126	-4.4468667211190125	-5.517368095925805	-4.201260607473547	-3.962353806729099	-3.221170662924862
9.78000690721111e-4	0.026804798627056422	0.0012715956640621366	0.06627460545387792	0.005132537596840296	0.05275086737184272	-6.472285522602412	-4.419796405789227	-5.478420075143074	-4.182275271786633	-3.9271564718158376	-3.2016190676004466
9.16872204562319e-4	0.030114491740981807	0.0014238839545630017	0.06814741409766989	0.005623293569207005	0.05488418719193528	-6.436448097303698	-4.392726090459442	-5.439472054360344	-4.163289936099718	-3.8919591369025763	-3.182067472276031
8.595816008574805e-4	0.03369264735262792	0.001609681610167956	0.07010049046428693	0.00615626048660844	0.057182552911503516	-6.4006106720049845	-4.365655775129657	-5.400524033577613	-4.144304600412804	-3.8567618019893146	-3.1625158769516157
8.319370182069892e-4	0.037550967836778484	0.001829665615944107	0.07216469486824514	0.006679986370532471	0.05961037768246688	-6.364773246706271	-4.338585459799871	-5.361576012794883	-4.125319264725889	-3.8215644670760534	-3.1429642816272003
8.577085195788618e-4	0.0416535011829721	0.0020841998250137623	0.07435301022516654	0.007169815003307608	0.06218901739457371	-6.328935821407557	-4.311515144470086	-5.322627992012151	-4.106333929038975	-3.786367132162792	-3.1234126863027853
9.472630067466861e-4	0.0459759222877096	0.002378956867873857	0.0767003852995311	0.0076519200561298165	0.06488840268287134	-6.293098396108843	-4.2844448291403	-5.283679971229422	-4.087348593352061	-3.751169797249531	-3.10386109097837
0.0011010475944552563	0.05050990480272	0.0027219347275599737	0.07920866899005213	0.008209219146594044	0.06772063442706065	-6.25726097081013	-4.2573745138105155	-5.24473195044669	-4.068363257665147	-3.7159724623362695	-3.0843094956539545
0.0013134610732005467	0.055214511588557585	0.003116880367904237	0.08191490970831737	0.008965514078387068	0.07066320994072563	-6.221423545511415	-4.23030419848073	-5.20578392966396	-4.049377921978232	-3.680775127423008	-3.064757900329539
0.0015741315385392155	0.06010594640423883	0.003559620755550613	0.0848064603872323	0.010022190128886034	0.07372288637300767	-6.185586120212702	-4.203233883150944	-5.166835908881229	-4.030392586291318	-3.6455777925097466	-3.0452063050051237
0.0018688698363280212	0.06515208648813962	0.00404328205254916	0.08792063717083826	0.011439797696086764	0.07688597805803891	-6.149748694913988	-4.176163567821159	-5.127887888098499	-4.011407250604403	-3.6103804575964853	-3.0256547096807083
0.0021805322053151817	0.07037199952154975	0.004566095054246243	0.09122994236777088	0.013215902009884848	0.08015797871447841	-6.113911269615274	-4.149093252491374	-5.0889398673157675	-3.9924219149174895	-3.5751831226832236	-3.006103114356293
0.002490514991739645	0.07577067840207118	0.005143893095714401	0.09477086531226533	0.015282431481741113	0.08353485128267696	-6.0780738443165605	-4.122022937161589	-5.049991846533038	-3.973436579230575	-3.5399857877699623	-2.986551519031878
0.002786035399868904	0.08136184876018004	0.0058034968946320915	0.0985037115445548	0.01752463478265299	0.08702353101552535	-6.042236419017847	-4.094952621831803	-5.011043825750306	-3.9544512435436605	-3.504788452856701	-2.9669999237074625
0.0030596711188093395	0.08718918810544046	0.006566757861051304	0.10246430397096909	0.019808698672846528	0.09063043289136023	-6.006398993719133	-4.0678823065020175	-4.9720958049675765	-3.9354659078567464	-3.4695911179434398	-2.947448328383047
0.003306896118150115	0.09325158898236134	0.007434763116020382	0.10660589606061097	0.02205962045676943	0.09436411116198398	-5.970561568420419	-4.040811991172232	-4.933147784184846	-3.916480572169832	-3.4343937830301785	-2.9278967330586316
0.003522001903719494	0.09962662272859744	0.008386525085640008	0.11096383168802258	0.024283605027032397	0.0982424308048448	-5.934724143121706	-4.0137416758424465	-4.894199763402115	-3.897495236482918	-3.399196448116917	-2.9083451377342167
0.003695444563818242	0.10630423015272698	0.009386296785843282	0.1154925387356621	0.026561124866286905	0.10227279819804824	-5.898886717822991	-3.986671360512662	-4.855251742619385	-3.8785099007960033	-3.3639991132036555	-2.8887935424098012
0.0038256899994170445	0.11334486216372604	0.010422703109253969	0.12022414168617603	0.029010474436470188	0.10648566322969269	-5.863049292524278	-3.9596010451828763	-4.816303721836654	-3.8595245651090893	-3.3288017782903943	-2.869241947085386
0.003922089554546336	0.12076767714043794	0.011511825680536686	0.12512294196355436	0.0317511651876838	0.11088203246898592	-5.827211867225564	-3.9325307298530907	-4.777355701053923	-3.8405392294221747	-3.2936044433771325	-2.8496903517609704
0.004008774429625677	0.12858441154225508	0.012684131402847666	0.13022043042848058	0.034806663834613664	0.11550586764036523	-5.79137444192685	-3.9054604145233056	-4.738407680271193	-3.8215538937352607	-3.2584071084638713	-2.830138756436555
0.004119065168058188	0.13685087443893573	0.013962140744960582	0.13549145445510052	0.03814810998444699	0.12034527066016994	-5.7555370166281365	-3.8783900991935205	-4.699459659488462	-3.802568558048346	-3.22320977355061	-2.8105871611121396
0.0042850831611717915	0.14552378456166498	0.015351986035015308	0.14097024486711582	0.04172184840212167	0.12545790347754435	-5.719699591329423	-3.851319783863735	-4.6605116387057315	-3.7835832223614316	-3.1880124386373487	-2.791035565787724
0.0045252059206788795	0.15468025855231513	0.016845608142488193	0.14664141735227262	0.045489152763023295	0.13081289160650206	-5.683862166030709	-3.8242494685339494	-4.621563617923001	-3.7645978866745176	-3.1528151037240875	-2.7714839704633087
0.004829455843885589	0.1642587835715872	0.018468474593133107	0.1525427926363934	0.0494518725825624	0.13648050822065422	-5.648024740731995	-3.797179153204164	-4.58261559714027	-3.7456125509876035	-3.1176177688108258	-2.7519323751388938
0.005171503549839689	0.1742932574793837	0.020287304859969338	0.15866702100694513	0.053647817428367855	0.1424110073092355	-5.612187315433282	-3.770108837874379	-4.54366757635754	-3.726627215300689	-3.0824204338975645	-2.7323807798144784
0.005515247093614204	0.18476369537540208	0.022393411751697016	0.16505344473660838	0.058105518726297795	0.1486724081175023	-5.576349890134567	-3.7430385225445937	-4.504719555574809	-3.7076418796137744	-3.047223098984303	-2.712829184490063
0.005825527856130934	0.19564199075726144	0.024868090954952096	0.17170052311933273	0.0628511319857944	0.15520997832664032	-5.540512464835854	-3.715968207214808	-4.465771534792078	-3.6886565439268604	-3.0120257640710415	-2.693277589165648
0.006075152555986395	0.2069440218635362	0.0277499222798269	0.17864454991540146	0.06791255364551499	0.1620741728510951	-5.50467503953714	-3.6888978918850226	-4.426823514009348	-3.6696712082399463	-2.9768284291577802	-2.6737259938412326
0.006250957430194653	0.21859008311477787	0.03098050165602015	0.18588733708912433	0.07334391961569313	0.1692145757697833	-5.468837614238426	-3.6618275765552375	-4.387875493226617	-3.650685872553032	-2.941631094244519	-2.654174398516817
0.006354697542670029	0.23059422737679153	0.03448285727864521	0.19345607299521914	0.07926401729102386	0.17665886374032208	-5.4330001889397135	-3.6347572612254524	-4.3489274724438864	-3.6317005368661173	-2.9064337593312577	-2.6346228031924017
0.006393663077926782	0.24286074723065082	0.03818032524464587	0.20135323164051047	0.0858161676965146	0.1843631142111119	-5.397162763640999	-3.607686945895667	-4.309979451661156	-3.6127152011792028	-2.8712364244179964	-2.6150712078679863
0.006382960489568098	0.25534722666556664	0.04202239375310475	0.209590699206543	0.09311751552553137	0.19233259937538727	-5.361325338342285	-3.5806166305658813	-4.271031430878425	-3.5937298654922887	-2.8360390895047347	-2.595519612543571
0.006349043671216262	0.26796398411724603	0.04599693161711795	0.21816848955629867	0.10123088343766236	0.20053079202773527	-5.325487913043572	-3.5535463152360958	-4.2320834100956946	-3.5747445298053746	-2.8008417545914734	-2.5759680172191555
0.006334967621312442	0.28061819810536964	0.05013280982381218	0.2270783147230796	0.11012342544647791	0.20894411739404864	-5.289650487744858	-3.5264759999063107	-4.193135389312964	-3.55575919411846	-2.765644419678212	-2.55641642189474
0.006397977682352908	0.2931891415236465	0.054486238428683054	0.23631396017140216	0.11967368478336492	0.2175429642927271	-5.253813062446143	-3.4994056845765256	-4.154187368530233	-3.5367738584315456	-2.7304470847649505	-2.5368648265703246
0.0065930171801444415	0.3055746294109342	0.05915285001603947	0.24584484360432465	0.12973555212780746	0.2263007171542401	-5.217975637147431	-3.47233536924674	-4.115239347747503	-3.5177885227446315	-2.695249749851689	-2.5173132312459097
0.006968457830349241	0.3176013857393242	0.06425483598823632	0.255654091461976	0.14015324932217768	0.23519300790649558	-5.1821382118487165	-3.4452650539169545	-4.076291326964772	-3.4988031870577174	-2.660052414938428	-2.4977616359214942
0.007563814993185036	0.3291762443922388	0.06991279464485295	0.2656906765527265	0.15087736200263646	0.24418698325551316	-5.146300786550002	-3.4181947385871694	-4.037343306182041	-3.479817851370803	-2.6248550800251667	-2.478210040597079
0.008413582784067052	0.34013919298831274	0.07621104746955105	0.2759223242466807	0.16192061019226747	0.25326100619397984	-5.1104633612512895	-3.3911244232573843	-3.9983952853993108	-3.4608325156838884	-2.5896577451119054	-2.458658445272664
0.009564187832498159	0.35036463085593983	0.08312479134798087	0.2862841231837432	0.17330759143531882	0.2623825771829678	-5.074625935952575	-3.3640541079275987	-3.95944726461658	-3.4418471799969743	-2.5544604101986437	-2.4391068499482484
0.011039847775638727	0.35979365649027795	0.09049416770690692	0.2967241085031824	0.18503697444856806	0.2715298142695409	-5.038788510653861	-3.336983792597813	-3.9204992438338495	-3.4228618443100602	-2.5192630752853824	-2.419555254623833
0.012848519727157968	0.36824528985196237	0.09813587324618121	0.30717466622650685	0.1970789719700734	0.28067608476852046	-5.002951085355148	-3.3099134772680276	-3.881551223051119	-3.4038765086231457	-2.484065740372121	-2.4000036592994176
0.014965627192368245	0.3758017785968293	0.10590961328266783	0.3175613657210427	0.20939807179901404	0.28979610206445466	-4.967113660056434	-3.2828431619382425	-3.8426032022683883	-3.384891172936231	-2.4488684054588594	-2.380452063975002
0.017313198552982717	0.3823048207504679	0.11379435365989206	0.3278284563058051	0.22202124213366511	0.29887317099192773	-4.9312762347577195	-3.2557728466084574	-3.8036551814856576	-3.3659058372493167	-2.413671070545598	-2.360900468650587
0.019752040060580157	0.38789200333963525	0.12192636299243192	0.33787887198981864	0.2350054045191287	0.30787538760336847	-4.895438809459007	-3.228702531278672	-3.764707160702927	-3.3469205015624026	-2.378473735632337	-2.3413488733261714
0.022078137102077292	0.39255948995561013	0.13054947242937756	0.34768422944400057	0.24837664057611644	0.31679836478326834	-4.8596013841602925	-3.2016322159488864	-3.7257591399201964	-3.3279351658754885	-2.3432764007190756	-2.321797278001756
0.024095688618739723	0.3964048953129633	0.13986408757798607	0.3571280463692975	0.2620641470805168	0.32560148675377865	-4.823763958861578	-3.1745619006191013	-3.6868111191374657	-3.308949830188574	-2.3080790658058143	-2.3022456826773405
0.025693072239388368	0.3995807479162648	0.14996179317679995	0.36622244662785153	0.2758322710853555	0.3342906617255506	-4.787926533562866	-3.1474915852893157	-3.647863098354735	-3.2899644945016595	-2.2728817308925526	-2.2826940873529256
0.026891408586609752	0.40216222369273985	0.16078902732168301	0.37483830218896436	0.28935694787635774	0.34282187721240104	-4.752089108264151	-3.1204212699595306	-3.6089150775720045	-3.2709791588147454	-2.2376843959792914	-2.26314249202851
0.027856846244227698	0.40436965199989783	0.17217579522195384	0.3830323572623568	0.3023138184277021	0.35120323047486995	-4.716251682965437	-3.093350954629745	-3.569967056789274	-3.2519938231278314	-2.20248706106603	-2.2435908967040947
0.028854662767544944	0.4063101949948076	0.1838952175751609	0.39068237217099866	0.31444713975726796	0.35939099370741323	-4.680414257666724	-3.06628063929996	-3.531019036006543	-3.233008487440917	-2.1672897261527684	-2.2240393013796798
0.030178642730565128	0.4081612352310629	0.19569002859629514	0.3978758721451657	0.3256209482308617	0.36739143996953405	-4.64457683236801	-3.0392103239701744	-3.4920710152238126	-3.2140231517540023	-2.132092391239507	-2.2044877060552643
0.03198594271038003	0.4100439712781927	0.20734666735816323	0.4045215444923741	0.3357996051320134	0.375163409528614	-4.608739407069296	-3.0121400086403893	-3.453122994441082	-3.1950378160670883	-2.096895056326246	-2.184936110730849
0.034304633974689726	0.4120751014354681	0.21872194035131545	0.4107197715450429	0.3451570903243792	0.3827077504335095	-4.572901981770583	-2.985069693310604	-3.4141749736583518	-3.176052480380174	-2.0616977214129846	-2.1653845154064335
0.03706870632427206	0.4143145549683903	0.2297869876562772	0.4164201802072731	0.3538894798625066	0.38998836986619245	-4.537064556471869	-2.9579993779808187	-3.375226952875621	-3.1570671446932597	-2.0265003864997233	-2.145832920082018
0.04018462681495498	0.4168351754110351	0.2406676450213217	0.4217256681837393	0.36215201050460233	0.3969972959549284	-4.501227131173155	-2.930929062651033	-3.3362789320928905	-3.138081809006345	-1.9913030515864616	-2.1262813247576027
0.04359483581357276	0.4195991763584209	0.25164520959640524	0.42662541551541416	0.36998341406599744	0.40370650397363744	-4.465389705874442	-2.9038587473212476	-3.29733091131016	-3.1190964733194306	-1.9561057166732003	-2.1067297294331873
0.047305700767252636	0.4226014802243038	0.2630300715277117	0.4312155146219375	0.377252707830598	0.4100958654444034	-4.429552280575727	-2.8767884319914625	-3.2583828905274292	-3.1001111376325166	-1.920908381759939	-2.087178134108772
0.051342386423835	0.42574012605922157	0.27494395723730564	0.43551562563996205	0.3836507062427428	0.4161490552743743	-4.393714855277014	-2.849718116661677	-3.2194348697446986	-3.0811258019456025	-1.8857110468466773	-2.067626538784357
0.055723980548263455	0.4289148914600174	0.28721359607490937	0.43960766554608144	0.3889375866059701	0.4218304964171479	-4.3578774299783	-2.822647801331892	-3.180486848961968	-3.062140466258688	-1.850513711933416	-2.0480749434599415
0.060411258316140644	0.4319739848880613	0.29935941686285644	0.4435277470625074	0.39300772740091194	0.4271398252784963	-4.322040004679586	-2.7955774860021063	-3.1415388281792374	-3.0431551305717734	-1.8153163770201548	-2.028523348135526
0.06529196694967312	0.4347806873627225	0.31072755818965225	0.4473385425927649	0.39599967794437246	0.43202294420423387	-4.2862025793808725	-2.768507170672321	-3.1025908073965067	-3.0241697948848594	-1.7801190421068935	-2.008971752811111
0.07020181844315425	0.4371028212624485	0.32065659240299227	0.4510772165334203	0.39828057411231405	0.4365002171993869	-4.250365154082159	-2.7414368553425357	-3.063642786613776	-3.0051844591979453	-1.7449217071936323	-1.9894201574866954
0.07498720756424837	0.4388434602319226	0.32893709462927795	0.4547842234287229	0.40033395992408	0.4404965706136498	-4.214527728783445	-2.7143665400127506	-3.0246947658310455	-2.986199123511031	-1.7097243722803706	-1.96986856216228
0.0796125114395054	0.43974181914108007	0.3357959849850804	0.4584845399618583	0.4025826264672254	0.4440580484989871	-4.178690303484731	-2.687296224682965	-2.985746745048315	-2.9672137878241163	-1.6745270373671093	-1.9503169668378648
0.08418090147030999	0.4397204676163472	0.34175511462595903	0.4621949549412269	0.4051568577175677	0.44708737716868185	-4.142852878186018	-2.6602259093531795	-2.946798724265584	-2.948228452137202	-1.639329702453848	-1.9307653715134494
0.0889096352089714	0.4386256256416032	0.3473998502932689	0.4659199402902637	0.40789209755104605	0.44966079512419105	-4.107015452887303	-2.6331555940233944	-2.9078507034828536	-2.929243116450288	-1.6041323675405863	-1.911213776189034
0.0940611718626187	0.4363369536105746	0.35311603958975696	0.46965203757043067	0.4103971316527934	0.4516595998974188	-4.07117802758859	-2.606085278693609	-2.868902682700123	-2.9102577807633736	-1.568935032627325	-1.8916621808646188
0.09988805161987699	0.43290310465992754	0.3589144254502825	0.47337337400261054	0.41216285337432607	0.4531854388016107	-4.035340602289876	-2.5790149633638237	-2.8299546619173923	-2.891272445076459	-1.5337376977140638	-1.8721105855402034
0.10652793531623575	0.428150205216996	0.36443148061807645	0.47705204032075516	0.4125874547940508	0.4541252484141228	-3.999503176991162	-2.551944648034038	-2.7910066411346617	-2.8722871093895446	-1.4985403628008025	-1.852558990215788
0.11400729436074161	0.4223070061769609	0.36919535958590405	0.48065266836792403	0.4112099196657034	0.4545797309873794	-3.9636657516924485	-2.524874332704253	-2.752058620351931	-2.8533017737026305	-1.4633430278875412	-1.8330073948913728
0.12231784921205524	0.41530866641315367	0.37282431034452257	0.48411891085940484	0.4076945412389366	0.4544653106068261	-3.9278283263937346	-2.4978040173744676	-2.7131105995692004	-2.8343164380157164	-1.4281456929742795	-1.8134557995669573
0.13143104988414525	0.40738182892005437	0.37512794680871325	0.4874084021277784	0.4018731021165336	0.45387026217173704	-3.8919909010950207	-2.4707337020446825	-2.67416257878647	-2.815331102328802	-1.3929483580610182	-1.793904204242542
0.14130032914152893	0.3986485931244105	0.37608487514362404	0.49044076522970187	0.3938402436165632	0.4527485485510759	-3.856153475796307	-2.443663386714897	-2.635214558003739	-2.7963457666418874	-1.357751023147757	-1.7743526089181267
0.15185249794514563	0.38928818396387943	0.37568555128530556	0.49318073677026086	0.38398679114781903	0.45117530225179514	-3.8203160504975933	-2.4165930713851114	-2.5962665372210085	-2.7773604309549733	-1.3225536882344953	-1.7548010135937113
0.16287083957459567	0.3795331700493502	0.374020426493643	0.4955251183446744	0.37295661376554257	0.4491426405032339	-3.7844786251988793	-2.3895227560553263	-2.5573185164382783	-2.7583750952680592	-1.287356353321234	-1.7352494182692961
0.17405653728609247	0.3695565190500748	0.37107524524009283	0.4974607649358805	0.3615547482027914	0.44671320937795317	-3.748641199900166	-2.3624524407255407	-2.5183704956555477	-2.7393897595811447	-1.2521590184079727	-1.7156978229448807
0.185068291769837	0.35958011842458826	0.3668624921262725	0.4988641024421142	0.3503415207602939	0.44391261159939355	-3.712803774601452	-2.3353821253957556	-2.479422474872817	-2.72040442389423	-1.2169616834947115	-1.6961462276204653
0.1956061580568951	0.3497922577246935	0.36150287867809594	0.49975717817290755	0.33962272039927477	0.4407929290292835	-3.676966349302738	-2.30831181006597	-2.4404744540900865	-2.701419088207316	-1.1817643485814502	-1.6765946322960499
0.20552002740199185	0.3403420271108197	0.3552689207373811	0.5	0.3294741967475057	0.4374034048756396	-3.6411289240040245	-2.281241494736185	-2.401526433307356	-2.6824337525204016	-1.1465670136681885	-1.6570430369716345
0.21488355368835438	0.33135672820072154	0.34857291748494196	0.4996584317938221	0.31986963570145477	0.433788245033788	-3.6052914987053106	-2.2541711794063994	-2.362578412524625	-2.6634484168334875	-1.1113696787549272	-1.6374914416472195
0.22408241519300198	0.3229525792029891	0.34186010868425154	0.49858150753248026	0.31079746733765945	0.4300068248419045	-3.5694540734065967	-2.2271008640766143	-2.3236303917418946	-2.644463081146573	-1.076172343841666	-1.617939846322804
0.23359787914070054	0.31512227033924006	0.3353953722406688	0.49688142112352557	0.30229337593060324	0.4260980848944836	-3.5336166481078832	-2.200030548746829	-2.284682370959164	-2.625477745459659	-1.0409750089284042	-1.5983882509983887
0.24387047223513866	0.30797383657086663	0.32923582416188424	0.49440280480476995	0.29440283797424466	0.4221170697021132	-3.4977792228091693	-2.1729602334170433	-2.2457343501764333	-2.6064924097727444	-1.005777674015143	-1.5788366556739732
0.25514473405107124	0.3013804552827617	0.32324782163742716	0.4912927056417229	0.2870702848834537	0.41809900247416276	-3.4619417975104554	-2.145889918087258	-2.2067863293937027	-2.5875070740858304	-0.9705803391018817	-1.5592850603495578
0.2673773721369943	0.29535524208203884	0.3171897122244324	0.48742067981129733	0.28009334553121135	0.4140824309714857	-3.426104372211742	-2.1188196027574726	-2.167838308610972	-2.568521738398916	-0.9353830041886204	-1.5397334650251424
0.28023975908917786	0.2897677875699134	0.31082162161701987	0.4829362331728646	0.2731472886521917	0.4100985199467788	-3.3902669469130284	-2.0917492874276875	-2.1288902878282414	-2.5495364027120018	-0.9001856692753591	-1.5201818697007274
0.29320941673230316	0.28452318562993767	0.30406353323301794	0.4777491480347925	0.2659014697563366	0.4061623426376604	-3.354429521614314	-2.064678972097902	-2.089942267045511	-2.5305510670250873	-0.8649883343620974	-1.500630274376312
0.3058860441277246	0.2795021312941108	0.2969832390975161	0.4719988820469694	0.25817643696612064	0.40229840319265286	-3.3185920963156006	-2.037608656768117	-2.05099424626278	-2.5115657313381727	-0.8297909994488366	-1.4810786790518966
0.3180678014436432	0.2745685683582109	0.2897418110920315	0.46563529091618494	0.24996504864786054	0.39849853647391614	-3.282754671016887	-2.0105383414383313	-2.0120462254800495	-2.4925803956512587	-0.7945936645355749	-1.4615270837274812
0.32976880517191226	0.2695926028224667	0.28248550923696986	0.45878202447335564	0.2414176641032495	0.39477495979098404	-3.2469172457181728	-1.9834680261085462	-1.973098204697319	-2.473595059964344	-0.7593963296223132	-1.4419754884030658
0.341134916716561	0.26446755745360945	0.2752407295041818	0.4514233364327858	0.23278195683544067	0.39110444913493936	-3.2110798204194593	-1.9563977107787607	-1.9341501839145883	-2.45460972427743	-0.7241989947090524	-1.4224238930786504
0.3523098846682618	0.2590705636632925	0.2678695536693995	0.44366420692262165	0.22433230767621082	0.3874796623250144	-3.175242395120746	-1.9293273954489751	-1.8952021631318576	-2.4356243885905156	-0.6890016597957906	-1.4028722977542354
0.36329849750007015	0.25333220006417784	0.2601888671426637	0.43551540309052433	0.21621740676036402	0.3838732287713803	-3.1394049698220314	-1.90225708011919	-1.856254142349127	-2.4166390529036015	-0.6538043248825289	-1.38332070242982
0.3739071395286787	0.2471938289279167	0.25211936578350574	0.427063169945893	0.2084324595286653	0.38025895848670077	-3.103567544523318	-1.8751867647894045	-1.8173061215663964	-2.397653717216687	-0.6186069899692681	-1.3637691071054046
0.3837826362158904	0.24059633921224685	0.24377614714456522	0.4183364311626308	0.20085545846639175	0.3766099585319952	-3.0677301192246045	-1.8481164494596194	-1.7783581007836657	-2.378668381529773	-0.5834096550560064	-1.3442175117809891
0.39249124142230374	0.2335802631142983	0.23545624178323413	0.40940489613281966	0.19334156376194472	0.37288832042225983	-3.03189269392589	-1.8210461341298338	-1.739410080000935	-2.3596830458428584	-0.5482123201427447	-1.3246659164565737
0.39959036542680254	0.22608803786321072	0.22754260358632628	0.40030795092191923	0.18583677171145738	0.36906932924991126	-2.9960552686271766	-1.7939758188000487	-1.7004620592182045	-2.3406977101559443	-0.5130149852294839	-1.3051143211321583
0.4048083270215588	0.21823174576011511	0.22032054963197992	0.39110241234607884	0.1784563250740537	0.3651133764174505	-2.960217843328463	-1.7669055034702632	-1.6615140384354739	-2.32171237446903	-0.47781765031622214	-1.2855627258077433
0.40820835797492094	0.2100248883450879	0.21380465127080528	0.38183148319407384	0.1714110135127435	0.36099752831270565	-2.924380418029749	-1.739835188140478	-1.6225660176527432	-2.3027270387821157	-0.4426203154029613	-1.266011130483328
0.4100432428670927	0.2015647780844396	0.2078077076361917	0.372543232665663	0.16487392154402108	0.3566907068500079	-2.8885429927310353	-1.7127648728106926	-1.5836179968700126	-2.283741703095201	-0.4074229804896996	-1.2464595351589125
0.4107554605761891	0.19293046257698224	0.20203042324565784	0.36327890007675934	0.15888011949115569	0.352170409128753	-2.852705567432322	-1.685694557480907	-1.544669976087282	-2.2647563674082867	-0.3722256455764379	-1.226907939834497
0.4108950881339272	0.18421244402127793	0.19619592998840538	0.3540815646141257	0.15330892122744083	0.34742227137325155	-2.8168681421336075	-1.658624242151122	-1.5057219553045513	-2.2457710317213726	-0.33702831066317707	-1.2073563445100817
0.4110187774757908	0.1755022725854163	0.1901440863966107	0.3449852378609788	0.14795625681405747	0.3424230404547968	-2.781030716834894	-1.6315539268213364	-1.4667739345218207	-2.226785696034458	-0.30183097574991535	-1.1878047491856667
0.41151943985749834	0.16690430838207168	0.18387172220236064	0.3360306939355896	0.1426469641090497	0.3371797327793511	-2.7451932915361805	-1.6044836114915513	-1.42782591373909	-2.207800360347544	-0.26663364083665453	-1.1682531538612513
0.412419932734893	0.15848244464362582	0.1774544133452433	0.32723987354392103	0.13735117807365402	0.3316681804869398	-2.709355866237466	-1.5774132961617657	-1.3888778929563594	-2.1888150246606295	-0.23143630592339282	-1.1487015585368359
0.41337438326954573	0.15033101871776303	0.17095093005824813	0.3186524855181745	0.1321563845029487	0.32591733751022695	-2.6735184409387527	-1.5503429808319806	-1.3499298721736288	-2.1698296889737154	-0.1962389710101311	-1.1291499632124204
0.4137587690829886	0.14250254698573256	0.1643842616091429	0.3102743691276084	0.1271921449870396	0.31990340685158625	-2.637681015640039	-1.523272665502195	-1.3109818513908982	-2.150844353286801	-0.16104163609687028	-1.109598367888005
0.4128752288968971	0.13504057362720437	0.1577717718401607	0.30214395034330166	0.1225488699781768	0.31367390935435724	-2.601843590341325	-1.49620235017241	-1.2720338306081675	-2.131859017599887	-0.12584430118360856	-1.0900467725635896
0.4101142213078057	0.1280096540844625	0.1511820782889279	0.2942485508867881	0.11824200874878547	0.30720815661629614	-2.5660061650426114	-1.4691320348426244	-1.233085809825437	-2.1128736819129723	-0.09064696627034685	-1.0704951772391746
0.40536037947879316	0.12137980964878071	0.14476192470527394	0.28662396176959964	0.11417141870357057	0.30056568674352513	-2.530168739743898	-1.442061719512839	-1.1941377890427063	-2.0938883462260582	-0.05544963135708603	-1.0509435819147592
0.39886530906193884	0.11523161923654811	0.13867765854382386	0.2792390459672421	0.11023818124257047	0.2937327521171426	-2.4943313144451835	-1.4149914041830538	-1.1551897682599757	-2.0749030105391437	-0.020252296443824314	-1.0313919865903438
0.391079443149182	0.10948770366768529	0.1330553525539398	0.27212503396505666	0.1063775408939078	0.2867704514817832	-2.45849388914647	-1.3879210888532683	-1.116241747477245	-2.0559176748522296	0.0149450384694374	-1.0118403912659284
0.38250200297746684	0.10417358307706795	0.1279411097302031	0.2652353238435296	0.10257723158159816	0.2796818082194658	-2.4226564638477566	-1.3608507735234832	-1.0772937266945144	-2.036932339165315	0.050142373382698224	-0.992288795941513
0.3735265397097695	0.09923909591703448	0.12330976548083594	0.2585947362024346	0.09886682394471356	0.272516337584493	-2.386819038549042	-1.3337804581936976	-1.0383457059117838	-2.0179470034784006	0.08533970829595994	-0.9727372006170976
0.36434158653807563	0.09464151400568838	0.11912673317289339	0.2521468531324651	0.0952870534505422	0.26529447527528305	-2.3509816132503287	-1.3067101428639125	-0.9993976851290531	-1.9989616677914865	0.12053704320922076	-0.9531856052926826
0.3549406372218931	0.09035310360347548	0.11535191619467669	0.24590888436679795	0.09184621991476663	0.2580532236132615	-2.3151441879516153	-1.279639827534127	-0.9604496643463225	-1.979976332104572	0.15573437812248248	-0.9336340099682672
0.34520028936425734	0.08628970388195922	0.11197409724163718	0.23982212498046826	0.0885281717642451	0.25082390144376254	-2.279306762652901	-1.2525695122043419	-0.9215016435635919	-1.960990996417658	0.1909317130357442	-0.9140824146438518
0.3350044672372649	0.08242775671659318	0.10895880554162832	0.2338951055994573	0.08530118431639856	0.24363403642582845	-2.2434693373541874	-1.2254991968745563	-0.8825536227808612	-1.9420056607307434	0.226129047949005	-0.8945308193194363
0.32433139518159776	0.07868327371487945	0.10619752040864495	0.22807580820183182	0.08213514289360153	0.23651808650031567	-2.207631912055474	-1.1984288815447708	-0.8436056019981306	-1.9230203250438294	0.2613263828622667	-0.8749792239950209
0.3133002407399785	0.07501525010203172	0.10349971857432037	0.2223621623956767	0.07901431703279438	0.22949786406216174	-2.1717944867567596	-1.1713585662149857	-0.8046575812154	-1.9040349893569148	0.29652371777552755	-0.8554276286706055
0.3021943132607096	0.07136953355483323	0.10061851572410016	0.21671601762976503	0.07593448949605652	0.22260386622010825	-2.135957061458046	-1.1442882508852001	-0.7657095604326694	-1.8850496536700008	0.33172105268878926	-0.8358760333461905
0.29140093760847524	0.06770811800461383	0.09736841742371569	0.2111288290262046	0.072893625386554	0.21585600592316334	-2.1001196361593326	-1.1172179355554146	-0.7267615396499387	-1.8660643179830863	0.366918387602051	-0.8163244380217751
0.2812749401420967	0.06399533301679844	0.09368430706679765	0.20557558366320836	0.06988455931939985	0.2092750810303681	-2.0642822108606182	-1.09014762022563	-0.6878135188672081	-1.8470789822961722	0.4021157225153118	-0.7967728426973597
0.2720457456719298	0.06021998846940987	0.08962056963487232	0.20004669990699553	0.06689527927193217	0.20288242964163436	-2.0284447855619048	-1.0630773048958444	-0.6488654980844775	-1.8280936466092577	0.4373130574285735	-0.7772212473729443
0.2637307372249915	0.05636395019302845	0.08532199556644117	0.19452833467891625	0.06391737592721221	0.19668514389614233	-1.9926073602631913	-1.0360069895660589	-0.6099174773017468	-1.8091083109223436	0.47251039234183523	-0.7576696520485289
0.2561176205637021	0.052444070610271606	0.08097345428605131	0.18901370957884264	0.06095788297219839	0.1907084224190669	-1.956769934964477	-1.0089366742362733	-0.5709694565190162	-1.790122975235429	0.507707727255096	-0.7381180567241135
0.24879919685586815	0.04847208620355129	0.07676408081167674	0.18349766696829903	0.058042071300809496	0.1849434499707229	-1.9209325096657635	-0.9818663589064887	-0.5320214357362856	-1.7711376395485146	0.5429050621683578	-0.7185664613996985
0.2413414062291547	0.04447961510912081	0.07281750984013532	0.1779782634140982	0.05520837054528307	0.179420588045825	-1.88509508436705	-0.9547960435767031	-0.49307341495355494	-1.7521523038616005	0.5781023970816195	-0.6990148660752831
0.2334534370766883	0.04050096923514641	0.06919270293973413	0.17245671193433298	0.05250199478686249	0.17411461122992894	-1.8492576590683356	-0.9277257282469176	-0.4541253941708243	-1.733166968174686	0.6132997319948803	-0.6794632707508677
0.22500660644512602	0.03658528281051913	0.06589225113534267	0.16693641197988648	0.04997012028715176	0.16906111552547654	-1.8134202337696221	-0.900655412917132	-0.4151773733880937	-1.7141816324877719	0.648497066908142	-0.6599116754264522
0.2160133033768063	0.032766450185878926	0.06287813039799528	0.1614232846363154	0.0476595689222727	0.16421950297051424	-1.7775828084709087	-0.8735850975873465	-0.37622935260536305	-1.6951962968008574	0.6836944018214028	-0.6403600801020368
0.2065665703751664	0.029111790053779205	0.06009700754056227	0.1559255172140891	0.04560815420622475	0.15962948996899656	-1.7417453831721952	-0.8465147822575618	-0.3372813318226324	-1.6762109611139433	0.7188917367346646	-0.6208084847776218
0.19681891268763801	0.025643991762326318	0.05751393017112265	0.15045291430191493	0.04379906036619786	0.1552388640489353	-1.7059079578734808	-0.8194444669277763	-0.2983333110399027	-1.6572256254270288	0.7540890716479263	-0.6012568894532064
0.186958505890294	0.022417281811953585	0.05511331215280428	0.14501717992004298	0.042178648202795134	0.15108539449684366	-1.6700705325747673	-0.7923741515979907	-0.25938529025717205	-1.6382402897401147	0.7892864065611871	-0.581705294128791
0.1771917764441975	0.019462175219729066	0.052914776016492165	0.139631902947861	0.04065114744653582	0.14711542618690848	-1.6342331072760539	-0.7653038362682052	-0.22043726947444142	-1.6192549540532002	0.8244837414744488	-0.5621536988043756
0.1677471774608778	0.01679191578635707	0.05093064975501571	0.13431043071420304	0.0391007478514001	0.1433531785408912	-1.5983956819773395	-0.7382335209384205	-0.1814892486917108	-1.6002696183662861	0.8596810763877096	-0.5426021034799602
0.15884267469060653	0.014454632438913194	0.04913075633202117	0.1290704287807178	0.03742006617273488	0.1397545256304783	-1.562558256678626	-0.711163205608635	-0.14254122790898016	-1.5812842826793716	0.8948784113009713	-0.5230505081555448
0.15066153084854786	0.012416326174922132	0.047426818899400744	0.12392438305770971	0.03555558799268025	0.13632862690580042	-1.5267208313799125	-0.6840928902788495	-0.10359320712624953	-1.5622989469924575	0.9300757462142331	-0.5034989128311298
0.1432470080494667	0.010726994780294435	0.04568291107044802	0.11889429088124649	0.03353017853965436	0.13304083103109102	-1.4908834060811982	-0.6570225749490639	-0.0646451863435189	-1.543313611305543	0.9652730811274939	-0.4839473175067144
0.13649435165308557	0.009337655028336181	0.043783574668018445	0.11398868772413759	0.03141823668277957	0.12988863951290777	-1.4550459807824847	-0.6299522596192784	-0.02569716556078827	-1.5243282756186285	1.0004704160407556	-0.46439572218229896
0.1302119414126092	0.008258631054747523	0.0416759131936229	0.1092337331332857	0.029324720955024985	0.12684619977000722	-1.4192085554837712	-0.6028819442894937	0.01325085522194236	-1.5053429399317144	1.0356677509540173	-0.44484412685788355
0.12416385455248419	0.007466310494549387	0.03937798489100093	0.10463066242823078	0.027353381234246216	0.123903799472028	-1.3833711301850569	-0.5758116289597082	0.05219887600467299	-1.4863576042448	1.0708650858672781	-0.42529253153346813
0.11814954410668373	0.006927523818990876	0.03696731122560486	0.10020896988014373	0.025584588372805216	0.12104342576758559	-1.3475337048863434	-0.5487413136299226	0.09114689678740362	-1.4673722685578858	1.1060624207805398	-0.4057409362090527
0.11207717865944838	0.0066413953633918076	0.03455805053794514	0.09595962811626937	0.024021240122267622	0.11825284820861238	-1.31169627958763	-0.5216709983001371	0.13009491757013425	-1.4483869328709713	1.1412597556938016	-0.38618934088463774
0.10601131531489028	0.006550274935794448	0.03227697461450229	0.09191396446363914	0.022614602926214325	0.11552100145797761	-1.2758588542889155	-0.4946006829703524	0.16904293835286488	-1.4294015971840572	1.1764570906070624	-0.36663774556022233
0.10010912574544395	0.006655262793615371	0.030207447198188766	0.08805093090577412	0.021293005677890844	0.11283712432066438	-1.240021428990202	-0.4675303676405669	0.2079909591355955	-1.4104162614971427	1.211654425520324	-0.3470861502358069
0.09453326113266079	0.00690591215794717	0.028374279434065734	0.08440171408519716	0.019999021188038753	0.11019656582658596	-1.2041840036914886	-0.44046005231078134	0.24693897991832614	-1.3914309258102286	1.246851760433585	-0.3275345549113915
0.0893889239373574	0.007286107952001532	0.026732758533331687	0.08093338126260052	0.018723362489816518	0.10759241066528495	-1.1683465783927742	-0.4133897369809958	0.28588700070105677	-1.3724455901233141	1.2820490953468466	-0.3079829595869761
0.08470276110097412	0.007767423625482968	0.02518229944894499	0.07767489621164161	0.017523476295364653	0.10502639512418743	-1.1325091530940607	-0.38631942165121025	0.3248350214837874	-1.3534602544364	1.3172464302601083	-0.28843136426256066
0.08045778812989868	0.008322853038026153	0.02360294723133164	0.07458372881640044	0.016484823676839677	0.10249563491024853	-1.0966717277953473	-0.3592491063214256	0.36378304226651803	-1.3344749187494855	1.3524437651733692	-0.2688797689381457
0.07656976963039959	0.008936402283468318	0.02191106022609015	0.07168485709272121	0.01567360786839655	0.10000866195698223	-1.060834302496633	-0.33217879099164005	0.40273106304924866	-1.3154895830625715	1.3876411000866309	-0.24932817361373028
0.07296583865814785	0.009582340268928376	0.020114143467790117	0.06893114583585787	0.015096727628358498	0.09756456922216794	-1.0249968771979194	-0.3051084756618545	0.4416790838319793	-1.296504247375657	1.4228384349998917	-0.22977657828931486
0.06956548041395134	0.010247503103118935	0.018293766597517136	0.06633984698008724	0.014688340617806358	0.09517921962560968	-0.989159451899206	-0.27803816033206896	0.4806271046147099	-1.2775189116887424	1.4580357699131534	-0.21022498296489944
0.06627481976169375	0.010915131723059503	0.01657130705299181	0.06386731808936798	0.01432681471517829	0.0928499568018623	-0.9533220266004916	-0.2509678450022843	0.5195751253974406	-1.2585335760018284	1.4932331048264151	-0.19067338764048403
0.06299388990934654	0.011573676304841601	0.015058993603214013	0.06152090484303585	0.013876657220037447	0.09060014518414813	-0.9174846013017781	-0.22389752967249876	0.5585231461801712	-1.2395482403149138	1.528430439739676	-0.1711217923160686
0.059635654308733896	0.0122121872087063	0.013825833749731462	0.059265643428934395	0.013261543606324033	0.08842260877522172	-0.8816471760030646	-0.19682721434271322	0.5974711669629018	-1.2205629046279998	1.5636277746529377	-0.15157019699165364
0.056180421353750475	0.012824318998797168	0.01286263030722844	0.05710178159254903	0.012475633122455037	0.08634284664198942	-0.8458097507043503	-0.16975689901292768	0.6364191877456324	-1.2015775689410853	1.5988251095661994	-0.13201860166723822
0.05268422364847761	0.013398897400207848	0.012106843087233825	0.05500360992149532	0.011572603432950312	0.08435105854214076	-0.8099723254056368	-0.14268658368314213	0.6753672085283631	-1.1825922332541712	1.6340224444794602	-0.1124670063428228
0.049268549986501625	0.01393546285158537	0.011496658591382094	0.05296842826976068	0.010636120821129216	0.08246881900117671	-0.7741349001069233	-0.11561626835335748	0.7143152293110937	-1.1636068975672567	1.669219779392722	-0.09291541101840739
0.04608133792605019	0.014422410742236052	0.0109897957047683	0.050979330150225446	0.009749622066401219	0.08068462132356359	-0.738297474808209	-0.08854595302357193	0.7532632500938243	-1.1446215618803426	1.7044171143059836	-0.07336381569399197
0.0432447141997607	0.014859291190206578	0.010568002089664496	0.04903404059829125	0.00896105335253753	0.07901179628202304	-0.7024600495094955	-0.06147563769378639	0.792211270876555	-1.125636226193428	1.7396144492192445	-0.05381222036957656
0.040796373318808796	0.015238088629311966	0.010223268545574982	0.0471232615218151	0.0082796125485873	0.07743765501468135	-0.666622624210782	-0.034405322364000845	0.8311592916592856	-1.106650890506514	1.7748117841325062	-0.034260625045161586
0.038636964286248215	0.015551605645882286	0.009926725647293444	0.04524713572131697	0.007692720061206715	0.0759649137597647	-0.6307851989120676	-0.00733500703421619	0.8701073124420162	-1.0876655548195995	1.810009119045767	-0.01470902972074617
0.03661784842333851	0.015798182677892837	0.009624847091393251	0.04340239274152799	0.007178879508669263	0.07458015045183156	-0.5949477736133542	0.019735308295569354	0.9090553332247469	-1.068680219132685	1.8452064539590287	0.004842565603669247
0.034590303333726626	0.0159607823929996	0.009254626400368525	0.041592050854110385	0.006716304660827816	0.07327557567140511	-0.5591103483146407	0.0468056236253549	0.9480033540074775	-1.0496948834457709	1.8804037888722904	0.024394160928084663
0.03246341212255187	0.016044268387835115	0.008767122320927419	0.039817231555910125	0.0062842488921919185	0.07203712754997262	-0.5232729230159263	0.07387593895514044	0.9869513747902081	-1.0307095477588564	1.9156011237855513	0.04394575625250008
0.03023294870810656	0.01602954538057624	0.008150036801245722	0.03808299831974626	0.005859874102848577	0.07084921126742043	-0.48743549771721284	0.10094625428492598	1.0258993955729387	-1.0117242120719423	1.950798458698813	0.06349735157691505
0.02798387331309923	0.015919584629116378	0.007435405945960168	0.03639341689015748	0.005427020519093663	0.06969684512387972	-0.45159807241849936	0.12801656961471064	1.0648474163556694	-0.9927388763850278	1.9859957936120738	0.08304894690133047
0.025836401300670365	0.015705611853926445	0.00669832792396627	0.03475398551132157	0.004981779425532676	0.06856132424401576	-0.415760647119785	0.15508688494449618	1.1037954371384	-0.9737535406981137	2.0211931285253355	0.10260054222574588
0.023895532423922106	0.015382802254974294	0.0060129137754753115	0.033170591624766765	0.004538515719752557	0.06742632695236729	-0.3799232218210715	0.18215720027428173	1.1427434579211306	-0.9547682050111992	2.056390463438597	0.1221521375501613
0.02222730180993002	0.014958890733842855	0.0054298487114130415	0.031647371726150196	0.0041287314335953645	0.06627558290248703	-0.34408579652235805	0.20922751560406727	1.1816914787038613	-0.9357828693242851	2.091587798351858	0.14170373287457672
0.02085133499723417	0.014422496057158764	0.004965105822347629	0.030191286994940596	0.0037867422302680985	0.06509125789492565	-0.3082483712236437	0.23629783093385193	1.220639499486592	-0.9167975336373706	2.1267851332651198	0.16125532819899213
0.019755317262531817	0.013795087370272735	0.004602472443381561	0.02880364792795464	0.003523312176724575	0.06386451565613536	-0.2724109459249302	0.26336814626363747	1.2595875202693225	-0.8978121979504565	2.1619824681783815	0.1808069235234071
0.018887568558641925	0.013073027424201529	0.004309861399469382	0.027492109388921944	0.003324121167788252	0.06257647702235652	-0.23657352062621673	0.290438461593423	1.2985355410520532	-0.878826862263542	2.1971798030916423	0.20035851884782252
0.018180376816941755	0.012276974201125524	0.004053503363164803	0.0262543470886107	0.0031558716775147186	0.0612289138827641	-0.20073609532750236	0.31750877692320856	1.3374835618347838	-0.8598415265766279	2.232377138004904	0.21991011417223794
0.017562072045053303	0.011418104268306327	0.003820041682142879	0.02509865874714524	0.002982608700043238	0.05980325336658271	-0.16489867002878889	0.3445790922529941	1.3764315826175144	-0.8408561908897134	2.2675744729181657	0.23946170949665335
0.016956179699277547	0.010512938547847007	0.0036105822966677045	0.024019000870506978	0.002780871579507363	0.05831184412156907	-0.1290612447300754	0.37164940758277876	1.415379603400245	-0.8218708552027989	2.3027718078314265	0.2590133048210683
0.016290429831333438	0.009581104733190671	0.0034294307046614423	0.02302452771404111	0.0025515497620467735	0.05674026303807463	-0.09322381943136104	0.3987197229125643	1.4543276241829748	-0.8028855195158848	2.3379691427446883	0.27856490014548374
0.015502034082481865	0.008639234549878394	0.003272912811951241	0.022105943037865287	0.0023104449199674894	0.0551068071183589	-0.05738639413264757	0.42579003824234984	1.4932756449657063	-0.7839001838289703	2.373166477657949	0.29811649546989916
0.014563047041630967	0.007705487727392575	0.0031240839953979027	0.021273636139179722	0.0020749184989344873	0.05340651549004091	-0.02154896883393409	0.4528603535721354	1.532223665748436	-0.7649148481420562	2.408363812571211	0.3176680907943146
0.013478637287304224	0.0067979375085847615	0.002958953902817535	0.020515742969125762	0.0018563476904039102	0.051657922788447844	0.014288456464780275	0.47993066890192004	1.5711716865311676	-0.7459295124551417	2.4435611474844725	0.33721968611873
0.012283401554061492	0.0059293828790647485	0.002762125439142075	0.01984428675484759	0.0016584925356499791	0.04986609971875118	0.05012588176349375	0.5070009842317056	1.6101197073138973	-0.7269441767682276	2.4787584823977333	0.3567712814431454
0.011040801794673344	0.005112322851173158	0.002532778825868298	0.019245384798028883	0.0014821024028089365	0.048048071524714714	0.08596330706220723	0.5340712995614911	1.6490677280966288	-0.7079588410813136	2.513955817310995	0.3763228767675608
0.009836509462460011	0.00435867856957987	0.0022837757872383	0.018732930097431755	0.0013274741065265857	0.04621618398021579	0.12180073236092159	0.5611416148912767	1.6880157488793586	-0.688973505394399	2.549153152224256	0.39587447209197624
0.008775425840392	0.0036687053153556634	0.002034249313636442	0.01829120805902237	0.0011999508684351844	0.044385314140223	0.15763815765963507	0.5882119302210622	1.72696376966209	-0.6699881697074845	2.5843504871375176	0.41542606741639165
0.007932798985845589	0.003056755033075557	0.00180189765211233	0.01793586293680508	0.0011072409258652506	0.042570879701262374	0.19347558295834855	0.6152822455508469	1.7659117904448198	-0.65100283402057	2.6195478220507793	0.43497766274080707
0.007338539916596648	0.0025122382970658276	0.0015943406764721178	0.017649950538750472	0.001055704274656076	0.04078583183079348	0.2293130082570629	0.6423525608806324	1.8048598112275513	-0.6320174983336564	2.65474515696404	0.4545292580652225
0.006962460924253844	0.002042936437302935	0.0014132705813509402	0.01744793475889782	0.0010468826551636836	0.039044146963375576	0.2651504335557764	0.669422876210418	1.843807832010281	-0.6130321626467419	2.689942491877302	0.474080853389637
0.006715675078415588	0.0016399374048232413	0.0012584308553951625	0.01731380080680871	0.0010730266102474044	0.03735754773961182	0.30098785885448986	0.6964931915402035	1.8827558527930126	-0.5940468269598274	2.7251398267905635	0.49363244871405243
0.00647443643842757	0.0013001792019015797	0.001130414149482229	0.017258552610023896	0.0011172815667105725	0.03573479753524195	0.33682528415320423	0.7235635068699882	1.9217038735757423	-0.5750614912729128	2.7603371617038244	0.5131840440384678
0.006113957413802347	0.0010199475935261672	0.0010316023830501378	0.01726728159367031	0.0011620348953091724	0.034187174404212914	0.3726627094519177	0.7506338221997737	1.9606518943584739	-0.5560761555859983	2.795534496617086	0.5327356393628833
0.0055821160482447075	7.880357209100171e-4	9.661303484682848e-4	0.01734643538537571	0.0011922115681059656	0.032715921159852834	0.4085001347506312	0.7777041375295592	1.9995999151412036	-0.5370908198990847	2.830731831530348	0.5522872346872987
0.004902754933490305	6.052284576953171e-4	9.34871345410455e-4	0.017481948885120453	0.0011981351604822272	0.031332458435945815	0.44433756004934555	0.8047744528593448	2.038547935923935	-0.5181054842121702	2.8659291664436086	0.5718388300117141
0.00416070928650439	4.581139873560457e-4	9.379326966596412e-4	0.01767523483440026	0.0011743453953781619	0.030029930204258693	0.480174985348059	0.8318447681891303	2.077495956706665	-0.49912014852525566	2.9011265013568703	0.5913904253361295
0.0034655358237992203	3.45460733648248e-4	9.717458844362641e-4	0.01791304262625874	0.0011198375821202282	0.028820163736940997	0.5160124106467725	0.858915083518915	2.1164439774893964	-0.48013481283834114	2.936323836270131	0.6109420206605449
0.0029121127487255405	2.5949269762948614e-4	0.0010272352991729735	0.01819203743910529	0.0010348070261456755	0.02768916782066208	0.5518498359454869	0.8859853988487005	2.155391998272126	-0.4611494771514275	2.971521171183393	0.6304936159849603
0.0025495434474361134	1.9631042716406773e-4	0.0010888505913332043	0.018499964551922498	9.204019076221945e-4	0.026649138334792544	0.5876872612441995	0.9130557141784861	2.1943400190548576	-0.442164141464513	3.0067185060966546	0.6500452113093758
0.0023550316922653688	1.529045040119164e-4	0.0011350429145172557	0.018829904345275903	7.81299474170993e-4	0.02568093836797419	0.6235246865429138	0.9401260295082716	2.2332880398375874	-0.4231788057775985	3.0419158410099154	0.6695968066337912
0.0022763624896522975	1.247035724514741e-4	0.001147246657864758	0.01917090196943691	6.272099210601873e-4	0.02479690368186499	0.6593621118416282	0.9671963448380563	2.272236060620319	-0.40419347009068396	3.077113175923177	0.6891484019582057
0.0022494522203268755	1.1208915574192778e-4	0.0011148617314504416	0.019514302223797523	4.732686720417441e-4	0.02397632989448008	0.6951995371403408	0.9942666601678418	2.3111840814030487	-0.38520813440377033	3.112310510836438	0.7086999972826211
0.0022181751928199425	1.1153152777892985e-4	0.0010381091194261352	0.019850761786341976	3.360123996143848e-4	0.0232277544590431	0.7310369624390551	1.0213369754976274	2.35013210218578	-0.3662227987168558	3.1475078457496997	0.7282515926070365
0.002146472025370915	1.2419931047016221e-4	9.27150726811098e-4	0.020171996876528243	2.281471674466649e-4	0.02253443467497175	0.7668743877377695	1.048407290827413	2.38908012296851	-0.3472374630299413	3.1827051806629614	0.747803187931452
0.0020278118077284696	1.496724576262392e-4	7.978179333382601e-4	0.020470487794338167	1.5722519671228994e-4	0.021900407062224916	0.8027118130364821	1.0754776061571985	2.4280281437512414	-0.3282521273430268	3.217902515576223	0.7673547832558674
0.0018842263774757843	1.8898050984020727e-4	6.670392824939814e-4	0.020740165081592755	1.2516433988720257e-4	0.021313252103568523	0.8385492383351965	1.102547921486983	2.466976164533971	-0.30926679165611226	3.253099850489483	0.7869063785802828
0.0017475031700791579	2.447013545132542e-4	5.465712526980503e-4	0.020975366599643313	1.292366730029494e-4	0.020773713662959797	0.8743866636339108	1.1296182368167687	2.5059241853167027	-0.29028145596919863	3.2882971854027447	0.8064579739046982
0.0016433302841278692	3.1693117614457837e-4	4.4230824397176427e-4	0.021173375175156682	1.6170288068093573e-4	0.020273028998854834	0.9102240889326234	1.1566885521465542	2.5448722060994324	-0.2712961202822841	3.3234945203160065	0.8260095692291136
0.0015773455778841647	4.116159929919531e-4	3.5569067791704913e-4	0.02133019680835636	2.0907235631639163e-4	0.019809704873875116	0.9460615142313378	1.1837588674763397	2.583820226882164	-0.2523107845953696	3.358691855229268	0.845561164553529
0.0015317641084581152	5.278636439686072e-4	2.850083670115987e-4	0.02144667895211237	2.566729102548587e-4	0.019377726040027014	0.9818989395300521	1.2108291828061244	2.6227682476648937	-0.23332544890845508	3.39388919014253	0.8651127598779444
0.0014749213538400488	6.710553021562028e-4	2.2696245427759827e-4	0.02152006640510477	2.899363426282213e-4	0.018974033622370504	1.0177363648287647	1.23789949813591	2.661716268447625	-0.21434011322154145	3.4290865250557916	0.8846643552023599
0.0013860425629302288	8.424001180783665e-4	1.775386462053701e-4	0.021554119572080945	2.981681707860772e-4	0.01859437810025447	1.053573790127479	1.2649698134656955	2.700664289230355	-0.19535477753462693	3.4642838599690515	0.9042159505267753
0.0012648263669013174	0.0010437345275563273	1.340235051573557e-4	0.021546661678118497	2.771766887046032e-4	0.018234569149280316	1.0894112154261935	1.292040128795481	2.7396123100130865	-0.17636944184771242	3.4994811948823132	0.9237675458511898
0.0011297607127931243	0.0012784429604134869	9.588424243485056e-5	0.021503168207921204	2.3307719615176813e-4	0.017891167606448606	1.125248640724906	1.3191104441252666	2.778560330795816	-0.1573841061607979	3.534678529795575	0.9433191411756052
0.0010087068794461726	0.0015430916513823902	6.391438948587104e-5	0.02142119013662959	1.7766398910738155e-4	0.017559286712187795	1.1610860660236204	1.3461807594550512	2.8175083515785477	-0.13839877047388427	3.5698758647088367	0.9628707365000206
9.295890695097208e-4	0.0018420924563656348	3.912346130891845e-5	0.021306648179871303	1.2261200301297572e-4	0.017235427422357334	1.1969234913223348	1.3732510747848368	2.8564563723612775	-0.11941343478696975	3.6050731996220984	0.9824223318244361
9.05709040789623e-4	0.0021678775707625587	2.194823420326171e-5	0.0211558679127582	7.648303045780145e-5	0.01691464747432436	1.2327609166210474	1.4003213901146223	2.895404393144009	-0.10042809910005523	3.6402705345353583	1.0019739271488515
9.338216191019953e-4	0.002519467414492691	1.135827567839441e-5	0.020974359709753018	4.316748241636291e-5	0.016592658882966706	1.2685983419197617	1.4273917054444079	2.9343524139267387	-0.08144276341314072	3.67546786944862	1.021525522473267
9.970821948517106e-4	0.0028895749618735177	5.6887915754339054e-6	0.02075631646684875	2.2950845916886254e-5	0.016265383457340417	1.304435767218476	1.4544620207741925	2.9733004347094703	-0.0624574277262262	3.7106652043618817	1.0410771177976823
0.001068908865026175	0.0032711102966334346	3.6041642545852158e-6	0.020506742035194852	1.2790564901532225e-5	0.015927233771476708	1.3402731925171887	1.481532336103978	3.0122484554922	-0.04347209203931257	3.7458625392751435	1.0606287131220977
0.00112063138253277	0.003654927424194361	4.438102887024258e-6	0.020217039873235147	1.0330616455117719e-5	0.015576090888582486	1.376110617815903	1.5086026514337636	3.0511964762749315	-0.024486756352398054	3.781059874188405	1.0801803084465131
0.0011285420556975008	0.004031683883876881	8.392398013761174e-6	0.01989239149130011	1.4405289723590146e-5	0.015204873824683782	1.4119480431146174	1.5356729667635491	3.0901444970576613	-0.005501420665483536	3.816257209101667	1.0997319037709286
0.0010894333429963875	0.004387753734925841	1.6584746835870398e-5	0.019521412439503803	2.499722051912324e-5	0.014814224578979015	1.44778546841333	1.5627432820933347	3.1290925178403928	0.013483915021430981	3.851454544014927	1.119283499095344
0.001014906543417531	0.004715135019021818	3.006878861397993e-5	0.019110075194380387	4.2606511522312475e-5	0.014396427141934577	1.4836228937120444	1.5898135974231193	3.1680405386231225	0.03246925070834461	3.8866518789281885	1.1388350944197594
9.240458205757173e-4	0.00500001829169171	4.888812691979752e-5	0.018646418671041005	6.69568679305576e-5	0.013954449182253288	1.5194603190107587	1.6168839127529049	3.206988559405854	0.05145458639525913	3.9218492138414502	1.158386689744174
8.336394357332462e-4	0.0052334875155819706	7.130128938348357e-5	0.018136878204763184	9.509588578758535e-5	0.013482038822817843	1.5552977443094713	1.6439542280826904	3.2459365801885838	0.07043992208217364	3.957046548754712	1.1779382850685893
7.507199855516413e-4	0.0054086271347172235	9.344827401890262e-5	0.017571021383284795	1.2213431693217032e-4	0.012983239923874224	1.5911351696081857	1.671024543412476	3.2848846009713153	0.08942525776908816	3.9922438836679737	1.1974898803930047
6.708861632209745e-4	0.005513550101546364	1.1014121128890299e-4	0.016956374077128095	1.4203471669752693e-4	0.012454648531638064	1.6269725949069	1.6980948587422606	3.323832621754045	0.10841059345600179	4.027441218581234	1.2170414757174202
5.845306461260832e-4	0.005552895333429049	1.1614631173694492e-4	0.01628587455412907	1.4960901691960765e-4	0.011900879635486205	1.6628100202056124	1.7251651740720462	3.3627806425367774	0.12739592914291664	4.062638553494495	1.236593071041836
0	0	0	0	0	0	1.6628100202056124	1.7251651740720462	3.3627806425367774	0.12739592914291664	4.062638553494495	1.236593071041836
