x.At	x.Sb	x.Zm	y.At	y.Sb	y.Zm
0.08823529411764706	0.023529411764705882	0.08823529411764706	0.0021150269659544374	8.524742037582473e-4	8.862482935519808e-4
0.08923679060665363	0.0252331069414067	0.08978934039369173	0.0021403838391177445	8.461403037198275e-4	8.841575819974547e-4
0.09023828709566019	0.026936802118107516	0.09134338666973639	0.0021433613659555023	8.271550030777162e-4	8.68173823066348e-4
0.09123978358466675	0.028640497294808335	0.09289743294578105	0.002130167414669654	7.962871035680791e-4	8.416451076390626e-4
0.09224128007367331	0.03034419247150915	0.09445147922182573	0.0021088135718007315	7.546897823745708e-4	8.071182886414371e-4
0.09324277656267987	0.03204788764820997	0.09600552549787039	0.002088600489036968	7.033357839450595e-4	7.67675291397352e-4
0.09424427305168644	0.03375158282491079	0.09755957177391505	0.0020794903049849347	6.456842298540203e-4	7.267703146728923e-4
0.095245769540693	0.035455278001611606	0.09911361804995972	0.0020919096188485643	5.838716360970213e-4	6.88053386937566e-4
0.09624726602969956	0.03715897317831242	0.10066766432600438	0.002139166124261157	5.200020719195981e-4	6.551910913580215e-4
0.09724876251870612	0.03886266835501324	0.10222171060204904	0.0022257838410992157	4.5604811296402086e-4	6.316945966063321e-4
0.09825025900771268	0.040566363531714056	0.1037757568780937	0.0023564999558125014	3.937691466971325e-4	6.207642237388371e-4
0.09925175549671925	0.04227005870841487	0.10532980315413837	0.002533767555585815	3.3464968869768353e-4	6.269753688510963e-4
0.10025325198572581	0.04397375388511569	0.10688384943018303	0.0027577626869137507	2.7985932399094137e-4	6.51672535525668e-4
0.10125474847473237	0.045677449061816505	0.1084378957062277	0.0030265410223384768	2.303097506099993e-4	6.956127131130785e-4
0.10225624496373892	0.047381144238517324	0.10999194198227237	0.0033363142049367537	1.8719323230757603e-4	7.594533450484121e-4
0.1032577414527455	0.04908483941521814	0.11154598825831703	0.0036818103104930564	1.4989248448598377e-4	8.432683115744804e-4
0.10425923794175204	0.050788534591918955	0.1131000345343617	0.004056679715022575	1.1824656273637848e-4	9.465931295855643e-4
0.10526073443075862	0.05249222976861978	0.11465408081040636	0.0044542213523807005	9.193183181499607e-5	0.0010684793764260032
0.10626223091976517	0.05419592494532059	0.11620812708645102	0.004867037769125174	7.051449478835225e-5	0.0012075522928668072
0.10726372740877174	0.05589962012202141	0.1177621733624957	0.0052857289312713855	5.3500156064969154e-5	0.001362065949775707
0.10826522389777829	0.05760331529872223	0.11931621963854036	0.005703579479418328	4.0378878607748546e-5	0.0015304035211583206
0.10926672038678485	0.05930701047542304	0.12087026591458502	0.006114396551398278	3.06646179420265e-5	0.0017101490139664619
0.11026821687579141	0.06101070565212386	0.12242431219062969	0.006512618190406122	2.3968150927687657e-5	0.0018973321597845435
0.11126971336479798	0.06271440082882468	0.12397835846667435	0.006893430497414926	2.020126888574963e-5	0.0020889438150178585
0.11227120985380454	0.0644180960055255	0.125532404742719	0.007252913612274196	1.8814098023075547e-5	0.002281739145433481
0.1132727063428111	0.06612179118222632	0.12708645101876367	0.007588229921391986	1.9762019150400966e-5	0.0024722647719209933
0.11427420283181766	0.06782548635892713	0.12864049729480834	0.007897860097688383	2.3129870078916943e-5	0.0026569082534413343
0.11527569932082422	0.06952918153562795	0.130194543570853	0.008181211424280486	2.913279642946532e-5	0.002831975493508539
0.11627719580983079	0.07123287671232877	0.13174858984689766	0.00843968703786672	3.811373222433689e-5	0.002993799519868752
0.11727869229883735	0.07293657188902958	0.13330263612294233	0.008681247104635428	5.053739712319616e-5	0.0031388816483558786
0.11828018878784391	0.0746402670657304	0.13485668239898702	0.008914052663628541	6.698066375745015e-5	0.0032613225666058314
0.11928168527685047	0.07634396224243122	0.13641072867503168	0.009149058033388216	8.821715086821348e-5	0.0033605058169124914
0.12028318176585703	0.07804765741913203	0.13796477495107634	0.009400062455623243	1.1576426532107975e-4	0.0034354192699765102
0.1212846782548636	0.07975135259583285	0.139518821227121	0.009683680299171065	1.49859873600015e-4	0.003485781732265827
0.12228617474387016	0.08145504777253368	0.14107286750316567	0.010019234934296689	1.9134151752414998e-4	0.003512435337401151
0.12328767123287672	0.08315874294923448	0.14262691377921033	0.010428580851912195	2.410290888876424e-4	0.0035173742210830032
0.12428916772188328	0.0848624381259353	0.144180960055255	0.010935856029681022	2.997040943911463e-4	0.0035037081440813557
0.12529066421088986	0.08656613330263611	0.14573500633129965	0.01157289873109493	3.680961847762513e-4	0.003475561769323117
0.1262921606998964	0.08826982847933694	0.14728905260734432	0.01238097138567877	4.4687951536636635e-4	0.003437914479440366
0.12729365718890295	0.08997352365603775	0.14884309888338898	0.013377580202486347	5.366813017484082e-4	0.0033966053684952972
0.12829515367790953	0.09167721883273858	0.15039714515943364	0.01459104010255472	6.383482094433501e-4	0.0033590639357045184
0.12929665016691608	0.09338091400943939	0.1519511914354783	0.0160482798796904	7.539345112866508e-4	0.003331582172507055
0.13029814665592265	0.0950846091861402	0.15350523771152297	0.017773706089687924	8.828078916913241e-4	0.003319916992424264
0.1312996431449292	0.09678830436284103	0.15505928398756763	0.01978800733144119	0.001026010950487553	0.003329385736101292
0.13230113963393578	0.09849199953954184	0.1566133302636123	0.022106985121603216	0.0011849175645466952	0.0033647644002219967
0.13330263612294233	0.10019569471624266	0.15816737653965696	0.024740512944563052	0.001361323317808039	0.00343024070249087
0.1343041326119489	0.10189938989294348	0.15972142281570162	0.027691734601869647	0.0015575264175788422	0.003529417564296685
0.13530562910095545	0.10360308506964429	0.16127546909174628	0.030969598411576687	0.0017763930885595553	0.003665358970741174
0.13630712558996202	0.10530678024634511	0.16282951536779094	0.03457077963270434	0.002021401751625026	0.0038407972308250335
0.13730862207896857	0.10701047542304593	0.1643835616438356	0.03844942429355007	0.002297446457042635	0.004063636389594401
0.13831011856797515	0.10871417059974675	0.16593760791988027	0.0425815781683694	0.0026138841064167998	0.004330516210594307
0.1393116150569817	0.11041786577644756	0.16749165419592493	0.04694143833108844	0.002972553712359861	0.004643012090702987
0.14031311154598827	0.11212156095314837	0.1690457004719696	0.05150358149248481	0.0033793002857947165	0.005002397733883808
0.14131460803499482	0.1138252561298492	0.17059974674801429	0.05624521057021974	0.0038401133412906533	0.005409521260411299
0.1423161045240014	0.11552895130655001	0.17215379302405895	0.061148265092997124	0.004360925581965026	0.0058646277754612645
0.14331760101300794	0.11723264648325082	0.1737078393001036	0.0662012570602733	0.0049473915411178265	0.0063671419128238545
0.1443190975020145	0.11893634165995165	0.17526188557614827	0.07140071595057691	0.005604652280497809	0.00691542901072807
0.14532059399102107	0.12064003683665246	0.17681593185219294	0.07676084218028256	0.00633709279591991	0.007506558315851166
0.14632209048002764	0.12234373201335329	0.1783699781282376	0.08230640381454384	0.0071500347690688455	0.008138499838619254
0.1473235869690342	0.1240474271900541	0.17992402440428226	0.08805406170605133	0.008053308487509216	0.008802374780755132
0.14832508345804074	0.1257511223667549	0.18147807068032695	0.09403952542198259	0.009037256247481607	0.009487635531882782
0.14932657994704732	0.12745481754345572	0.18303211695637162	0.10030443776642048	0.010099877262375604	0.010184630617409676
0.1503280764360539	0.12915851272015655	0.18458616323241628	0.10689449439296025	0.011237423330461504	0.010883009253590047
0.15132957292506044	0.13086220789685737	0.18614020950846094	0.11385733459346625	0.0124444431534208	0.011572353192656225
0.152331069414067	0.1325659030735582	0.1876942557845056	0.12124030372479093	0.013713912465242468	0.012242920374171188
0.15333256590307356	0.134269598250259	0.18924830206055027	0.12908820799698273	0.015037454595979178	0.01288646004636082
0.15433406239208014	0.13597329342695982	0.19080234833659493	0.13744120284612918	0.016405653575098815	0.01349705147483778
0.1553355588810867	0.13767698860366062	0.1923563946126396	0.14636551093710093	0.01780905080967317	0.014071205336033676
0.15633705537009324	0.13938068378036145	0.19391044088868425	0.15589647796287867	0.019237719696337606	0.014608231185050533
0.1573385518590998	0.14108437895706227	0.19546448716472892	0.1660109314619433	0.020678702860480354	0.015120163355113302
0.1583400483481064	0.1427880741337631	0.19701853344077358	0.17671594872173899	0.02212474856595835	0.015619578137793423
0.15934154483711294	0.14449176931046392	0.19857257971681824	0.1880137481694572	0.02357089963539249	0.016123317307624268
0.16034304132611948	0.14619546448716472	0.2001266259928629	0.19990405407695236	0.025015025284243958	0.01665190944332315
0.16134453781512606	0.14789915966386555	0.20168067226890757	0.2123865253903618	0.02645825341682361	0.017228771900509834
0.16234603430413264	0.14960285484056635	0.20323471854495223	0.22546285058454563	0.02790527846198007	0.017879241508315265
0.16334753079313918	0.15130655001726717	0.2047887648209969	0.23913811150167436	0.029364523141961318	0.018629489986092686
0.16434902728214573	0.153010245193968	0.20634281109704156	0.25342105344038546	0.030849381729820293	0.01950538661805711
0.1653505237711523	0.15471394037066882	0.20789685737308622	0.268363464973679	0.032383304717423414	0.020548583497028684
0.16635202026015888	0.15641763554736962	0.20945090364913088	0.2839752493686049	0.03398361016743034	0.021774850512809692
0.16735351674916543	0.15812133072407045	0.21100494992517554	0.3002192513044057	0.035672286764232376	0.0231949676557724
0.16835501323817198	0.15982502590077127	0.2125589962012202	0.3170834568655756	0.03747226187986817	0.02482129726600228
0.16935650972717853	0.16152872107747207	0.21411304247726487	0.3345387069409909	0.039406469007371284	0.02666211326711957
0.1703580062161851	0.1632324162541729	0.21566708875330953	0.35253620975935646	0.041496888299217403	0.02872183427729229
0.17135950270519168	0.16493611143087372	0.2172211350293542	0.3710071587593639	0.0437635941783941	0.031001488506326242
0.17236099919419823	0.16663980660757452	0.21877518130539886	0.3898647270728246	0.046223843346850715	0.03349938114365595
0.17336249568320478	0.16834350178427535	0.22032922758144352	0.40900846310223715	0.048897839533385536	0.03621192939327017
0.17436399217221135	0.17004719696097617	0.22188327385748818	0.42833085296156187	0.05181297939756333	0.039142685003003164
0.17536548866121793	0.17175089213767697	0.22343732013353285	0.4477228138740948	0.054946893778799084	0.042298391638450755
0.17636698515022448	0.1734545873143778	0.22499136640957756	0.46707431554114304	0.0582951295098268	0.04565734412229765
0.17736848163923102	0.17515828249107862	0.22654541268562223	0.48631877084470965	0.06184784081868222	0.049220956718494295
0.1783699781282376	0.17686197766777945	0.2280994589616669	0.5054219545930061	0.06559004765725586	0.05299459335817023
0.17937147461724418	0.17856567284448024	0.22965350523771155	0.5243801810086882	0.06950207649716478	0.0569882340318506
0.18037297110625072	0.18026936802118107	0.23120755151375622	0.5432192400088064	0.073560172351904915	0.06121692282834005
0.18137446759525727	0.1819730631978819	0.23276159778980088	0.5619908854479708	0.07773726812201412	0.06570095045861696
0.18237596408426385	0.1836767583745827	0.23431564406584554	0.5807674274134035	0.082005607723065	0.07046572412323772
0.18337746057327042	0.18538045355128352	0.2358696903418902	0.5996351288325537	0.08633224059057647	0.0755412786233352
0.18437895706227697	0.18708414872798435	0.23742373661793487	0.6186872044885339	0.09067724916785963	0.08100652852767844
0.18538045355128352	0.18878784390468514	0.23897778289397953	0.6380472874808388	0.09501264058198977	0.08686992416960716
0.1863819500402901	0.19049153908138597	0.2405318291700242	0.6578104039478722	0.09931375931571625	0.09315943085002948
0.18738344652929667	0.1921952342580868	0.24208587544606885	0.6780395115661704	0.10356040097081205	0.09990554702176531
0.18838494301830322	0.19389892943478762	0.24363992172211352	0.6988039987498825	0.1077378307528151	0.10713203155741073
0.18938643950730977	0.19560262461148842	0.24519396799815818	0.7201691080763403	0.1118376775417547	0.1148533815160453
0.19038793599631634	0.19730631978818924	0.24674801427420284	0.742200205246592	0.11585867534096653	0.1230726239131876
0.19138943248532292	0.19901001496489007	0.2483020605502475	0.7649676567396042	0.11980539277713219	0.13177962128834003
0.19239092897432947	0.20071371014159087	0.24985610682629217	0.788551729922689	0.12369376117312303	0.14095008475483853
0.19339242546333602	0.2024174053182917	0.25141015310233683	0.8130469507350763	0.12755867799112627	0.1505660323678057
0.1943939219523426	0.20412110049499252	0.2529641993783815	0.8385654016641341	0.1314346342452224	0.1605684081662087
0.19539541844134917	0.20582479567169332	0.25451824565442616	0.8653529713788026	0.13536274342765048	0.1708588975735341
0.19639691493035571	0.20752849084839414	0.2560722919304708	0.8935423229541863	0.13938980002452403	0.18136819345321512
0.19739841141936226	0.20923218602509497	0.2576263382065155	0.9232577155710987	0.14356718070507649	0.19202845586428313
0.19839990790836884	0.21093588120179577	0.25918038448256014	0.9546782941395537	0.14794962391299973	0.20277852755019418
0.19940140439737541	0.2126395763784966	0.2607344307586048	0.9879826807222961	0.1525939247802032	0.21356902193583252
0.20040290088638196	0.21434327155519742	0.26228847703464947	1.0233404063229783	0.15757190071279253	0.224366948285916
0.2014043973753885	0.21604696673189824	0.26384252331069413	1.0609027931829822	0.16297835964850005	0.2351595535903878
0.20240589386439506	0.21775066190859904	0.2653965695867388	1.1007937291920673	0.16883173381536665	0.24595708378087788
0.20340739035340163	0.21945435708529987	0.26695061586278346	1.1431007801815098	0.1751803097954619	0.2568110452207228
0.2044088868424082	0.2211580522620007	0.2685046621388281	1.1878670793263628	0.1820670482282989	0.26779119602278156
0.20541038333141476	0.2228617474387015	0.2700587084148728	1.2353002509030022	0.1895286999488478	0.27898640667928853
0.2064118798204213	0.22456544261540232	0.27161275469091745	1.2851615851191858	0.1975950599184159	0.2904991930103664
0.20741337630942788	0.22626913779210314	0.2731668009669621	1.3372139346619494	0.2062883800300296	0.3024397921651317
0.20841487279843446	0.22797283296880394	0.2747208472430068	1.3912452381058984	0.21562296625201358	0.3149198186446153
0.209416369287441	0.22967652814550477	0.2762748935190515	1.4469900460360456	0.22563014699533235	0.3280458378659518
0.21041786577644755	0.2313802233222056	0.27782893979509615	1.5041364152794812	0.23634717931037472	0.34191324213250923
0.21141936226545413	0.23308391849890642	0.2793829860711408	1.562335084231995	0.2476935577715101	0.35660080683405654
0.2124208587544607	0.23478761367560722	0.2809370323471855	1.6212107040300947	0.2596507630518586	0.3722349603055329
0.21342235524346725	0.23649130885230804	0.28249107862323014	1.6803748226486572	0.272196711163706	0.38883419207940567
0.2144238517324738	0.23819500402900887	0.2840451248992748	1.73944024148653	0.2853078859752403	0.4063425290311431
0.2154253482214804	0.23989869920570966	0.28559917117531947	1.7979498691638602	0.2989617259159159	0.4247345622976707
0.21642684471048695	0.2416023943824105	0.28715321745136413	1.8555614402178258	0.31313915497172884	0.44396748650658224
0.2174283411994935	0.24330608955911132	0.2887072637274088	1.912031756736522	0.3278271287108657	0.4639862495147847
0.21842983768850005	0.24500978473581211	0.29026131000345345	1.9671730101473393	0.3430423892409522	0.48472932546132474
0.2194313341775066	0.24671347991251294	0.2918153562794981	2.020874882567256	0.3588272422201023	0.5061346818110893
0.2204328306665132	0.24841717508921377	0.2933694025555428	2.0731095488050966	0.375155255757165	0.52814549608499906
0.22143432715551975	0.25012087026591456	0.29492344883158744	2.123932872299163	0.3920632698009078	0.5507241579652402
0.2224358236445263	0.2518245654426154	0.2964774951076321	2.1734815571896244	0.4095981008324585	0.5738889545370487
0.22343732013353285	0.2535282606193162	0.29803154138367677	2.221966176053206	0.4278139392028736	0.5975664972230058
0.22443881662253945	0.25523195579601704	0.29958558765972143	2.269660162827038	0.44676900741695275	0.6217632201851737
0.225440313111546	0.25693565097271787	0.3011396339357661	2.316882356089467	0.46652167464237426	0.6464960779186696
0.22644180960055255	0.25863934614941864	0.30269368021181076	2.364078609659121	0.48712625589980096	0.6717875475999413
0.2274433060895591	0.2603430413261195	0.3042477264878554	2.411605059428619	0.5086693352581162	0.6976598517894047
0.2284448025785657	0.2620467365028203	0.3058017727639001	2.459780648739862	0.531239282853455	0.7241288986069013
0.22944629906757225	0.2637504316795211	0.30735581903994474	2.5088764166726003	0.5547539370116542	0.7511984509492038
0.2304477955565788	0.26545412685622194	0.3089098653159894	2.559099078329279	0.5792029115994151	0.7788550366182276
0.23144929204558534	0.2671578220329227	0.31046391159203407	2.6105784483531154	0.6045587317896066	0.8071081105951283
0.23245078853459195	0.2688615172096236	0.31201795786807873	2.6633595060093684	0.6307788020288055	0.8358516649133905
0.2334522850235985	0.27056521238632436	0.3135720041441234	2.717399700750588	0.6578083267004174	0.8649727095950515
0.23445378151260504	0.27226890756302524	0.31512605042016806	2.7725718681842557	0.6855839499459894	0.8943644249862855
0.2354552780016116	0.273972602739726	0.3166800966962127	2.828738191005217	0.7140378494393836	0.9239095200324489
0.2364567744906182	0.2756762979164268	0.3182341429722574	2.8854919800385703	0.7431263716063161	0.9534868592572169
0.23745827097962474	0.27737999309312766	0.31978818924830205	2.9425129459183905	0.7728016155115934	0.9829784333043464
0.2384597674686313	0.27908368826982843	0.3213422355243467	2.9994924064034465	0.8029534080671066	1.0122761837626593
0.23946126395763784	0.2807873834465293	0.32289628180039137	3.056145393775043	0.8335411193069711	1.0412882153359058
0.24046276044664444	0.2824910786232301	0.3244503280764361	3.1122328700846036	0.8645342486948018	1.0699297724408623
0.241464256935651	0.28419477379993097	0.32600437435248075	3.167580938701396	0.8959112474779569	1.09812796314157
0.24246575342465754	0.28589846897663174	0.3275584206285254	3.222095920771421	0.927657561894574	1.1259140686740803
0.24346724991366409	0.2876021641533325	0.3291124669045701	3.275774388996069	0.9597631136903372	1.1533087026646538
0.2444687464026707	0.2893058593300334	0.33066651318061474	3.328707509423332	0.9922194573345985	1.180353964792697
0.24547024289167724	0.29100955450673416	0.3322205594566594	3.381056398307054	1.0250322776697074	1.2071089839655766
0.24647173938068379	0.29271324968343504	0.33377460573270407	3.433212271042947	1.0581981568342076	1.2336447186973294
0.24747323586969033	0.2944169448601358	0.33532865200874873	3.4855361438970647	1.0916609353593119	1.2600383291293282
0.24847473235869694	0.2961206400368367	0.3368826982847934	3.538418828825984	1.125390240500945	1.2863674317777867
0.24947622884770349	0.29782433521353746	0.33843674456083805	3.5922596601831698	1.1593502472525066	1.3127045396056896
0.25047772533671003	0.29952803039023823	0.3399907908368827	3.6474407501342685	1.1935017602202262	1.3391257655733115
0.2514792218257166	0.3012317255669391	0.3415448371129274	3.7043010742513527	1.2278050013401298	1.3656735320586577
0.25248071831472313	0.3029354207436399	0.34309888338897204	3.763111404513577	1.2622229130785054	1.3923651347808403
0.25348221480372973	0.30463911592034076	0.3446529296650167	3.824051097547713	1.2967247618809408	1.4191998939628467
0.2544837112927363	0.30634281109704153	0.34620697594106137	3.887189092641587	1.3312927894719964	1.4461579666347986
0.25548520778174283	0.3080465062737424	0.34776102221710603	3.952690481140896	1.3659262343192407	1.4732018869369004
0.2564867042707494	0.3097502014504432	0.3493150684931507	4.020008963773801	1.4006389761779083	1.5002789263404148
0.257488200759756	0.31145389662714396	0.35086911476919536	4.088733509718229	1.4354688636353872	1.527324085927908
0.25848969724876253	0.31315759180384484	0.35242316104524	4.158324781064014	1.4704708848326822	1.5542635147059771
0.2594911937377691	0.3148612869805456	0.3539772073212847	4.228134979837753	1.5057150107739925	1.5810031139439653
0.2604926902267756	0.3165649821572465	0.35553125359732934	4.297435864972012	1.541282933082127	1.607437735986286
0.26149418671578223	0.31826867733394726	0.357085299873374	4.365454338312079	1.577263834031934	1.6335069030634137
0.2624956832047888	0.31997237251064803	0.35863934614941867	4.431414531422307	1.6137493637535723	1.659141186863281
0.2634971796937953	0.3216760676873489	0.36019339242546333	4.4945848426708785	1.650863721103303	1.6842794099203378
0.2644986761828019	0.3233797628640497	0.36174743870150805	4.55429796140527	1.6887252086399818	1.7088700055790045
0.2655001726718085	0.32508345804075056	0.3633014849775527	4.609589961177706	1.7273305762740103	1.7328720307527936
0.266501669160815	0.32678715321745133	0.3648555312535974	4.660681442066261	1.7667070495253596	1.756255894921566
0.2675031656498216	0.3284908483941522	0.36640957752964204	4.7076334926900465	1.8068550595235022	1.7790038543890894
0.2685046621388281	0.330194543570853	0.3679636238056867	4.750763037527996	1.8477467343975593	1.8011103010835752
0.2695061586278347	0.33189823874755375	0.36951767008173136	4.790634709686698	1.8893257825854832	1.8225033670685327
0.2705076551168413	0.33360193392425463	0.371071716357776	4.828034715000079	1.931508773760677	1.8432876686095787
0.2715091516058478	0.3353056291009554	0.3726257626338207	4.863927489287788	1.974187777462468	1.8635008456834907
0.27251064809485437	0.3370093242776563	0.37417980890986535	4.899397153601218	2.0172444873191977	1.8831852153774464
0.27351214458386097	0.33871301945435706	0.37573385518591	4.935576916067635	2.060506144516855	1.9023880679688112
0.2745136410728675	0.34041671463105794	0.3772879014619547	4.973612982076317	2.103787400685303	1.921158185236331
0.27551513756187407	0.3421204098077587	0.37884194773799934	5.014895795389152	2.146937585733772	1.9395419081332057
0.2765166340508806	0.3438241049844595	0.380395994014044	5.059899073323223	2.1898144902253533	1.957579004687695
0.2775181305398872	0.34552780016116036	0.38195004029008867	5.109018129696214	2.2322890949843264	1.9752986517817523
0.27851962702889377	0.34723149533786113	0.38350408656613333	5.1623420709419445	2.2742491875455317	1.99269378188909
0.2795211235179003	0.348935190514562	0.385058132842178	5.219651841416172	2.31560170937118	2.0097590725438255
0.28052262000690686	0.3506388856912628	0.38661217911822265	5.280439326807601	2.356273731410778	2.026486310255391
0.2815241164959134	0.35234258086796366	0.3881662253942673	5.343945283277469	2.3961683784121215	2.0428347824585633
0.28252561298492	0.35404627604466443	0.389720271670312	5.409212877962372	2.4352228219083503	2.0587552750990703
0.28352710947392656	0.3557499712213652	0.39127431794635664	5.475152856563336	2.4734851183279862	2.074196192320648
0.2845286059629331	0.3574536663980661	0.3928283642224013	5.540577741999126	2.5109459370475067	2.0891104590907106
0.28553010245193966	0.35915736157476685	0.39438241049844597	5.604039054860786	2.5475982304291698	2.103462671091987
0.28653159894094626	0.36086105675146773	0.39593645677449063	5.664620872899901	2.583433625260778	2.1172359323932026
0.2875330954299528	0.3625647519281685	0.3974905030505353	5.721540669128584	2.61843956105772	2.1304309979904943
0.28853459191895936	0.3642684471048694	0.39904454932657996	5.774238502005458	2.6525973168820096	2.143041542595569
0.2895360884079659	0.36597214228157016	0.4005985956026246	5.822398353285802	2.6858810111097475	2.1552216680765457
0.2905375848969725	0.3676758374582709	0.4021526418786693	5.86595379445997	2.718201530289344	2.1670853841164783
0.29153908138597906	0.3693795326349718	0.40370668815471394	5.905077991732771	2.7494843886575797	2.1787717239638282
0.2925405778749856	0.3710832278116726	0.4052607344307586	5.940158606997904	2.779762137354609	2.1904391729024155
0.29354207436399216	0.37278692298837346	0.40681478070680327	5.9717587321998735	2.8089902376043403	2.202259143444884
0.29454357085299876	0.37449061816507423	0.40836882698284793	6.000511268711954	2.8371260587459557	2.2144088974348137
0.2955450673420053	0.376194313341775	0.4099228732588926	6.02715837966724	2.8641306107845796	2.2270642950169055
0.29654656383101186	0.3778980085184759	0.41147691953493726	6.052672094662105	2.8899699174813973	2.2403927228623184
0.2975480603200184	0.37960170369517665	0.413030965810982	6.077638092387408	2.9146160269846177	2.254634129363867
0.298549556809025	0.38130539887187753	0.41458501208702664	6.102477553360629	2.9380476851846438	2.2699000590796117
0.29955105329803156	0.3830090940485783	0.4161390583630713	6.127414975384864	2.960175712140208	2.286241611495025
0.3005525497870381	0.3847127892252792	0.41769310463911596	6.152464500621853	2.9809674749633683	2.303716886831133
0.30155404627604465	0.38641648440197995	0.4192471509151606	6.177435726971468	3.0005291143080988	2.3223519954113256
0.30255554276505126	0.3881201795786807	0.4208011971912053	6.20195847236138	3.0188727151029844	2.342140956760091
0.3035570392540578	0.3898238747553816	0.42235524346724995	6.225524460130843	3.036017246900336	2.3630465765823123
0.30455853574306435	0.3915275699320824	0.4239092897432946	6.247462925708038	3.051987945302816	2.385002215890498
0.3055600322320709	0.39323126510878326	0.4254633360193393	6.266942861986835	3.0668153338738127	2.407914348177017
0.3065615287210775	0.394934960285484	0.42701738229538394	6.283597866982434	3.0805338486185265	2.4316867171396113
0.30756302521008405	0.3966386554621849	0.4285714285714286	6.297050979761495	3.0931800555684696	2.456200813969318
0.3085645216990906	0.3983423506388857	0.43012547484747327	6.30708258565968	3.1047278203016417	2.4812119000966137
0.30956601818809715	0.40004604581558645	0.43167952112351793	6.313637263550395	3.115199875580103	2.5065534293450837
0.31056751467710375	0.40174974099228733	0.4332335673995626	6.316813040504722	3.124703198622294	2.5320545564857775
0.3115690111661103	0.4034534361689881	0.43478761367560725	6.316835502394405	3.1332532147298666	2.55754352831216
0.31257050765511685	0.405157131345689	0.4363416599516519	6.314020356662609	3.1408560596617754	2.58285066310268
0.3135720041441234	0.40686082652238975	0.4378957062276966	6.308728938363035	3.1475088507558318	2.607810910106403
0.31457350063312994	0.40856452169909063	0.43944975250374124	6.301247548396307	3.153200874039757	2.632266005438955
0.31557499712213655	0.4102682168757914	0.4410037987797859	6.2918586239213274	3.1579156142620937	2.656066263835874
0.3165764936111431	0.4119719120524922	0.44255784505583057	6.280930541624923	3.161633501363386	2.67896967346865
0.31757799010014964	0.41367560722919305	0.44411189133187523	6.268560515390305	3.164267984219784	2.7008942580051523
0.3185794865891562	0.4153793024058938	0.4456659376079199	6.254760560252357	3.16578941511178	2.721754207367121
0.3195809830781628	0.4170829975825947	0.44721998388396456	6.239478771168655	3.166275387350756	2.741456529044626
0.32058247956716934	0.4187866927592955	0.4487740301600092	6.222628242387024	3.1657356052876917	2.7599243176578923
0.3215839760561759	0.42049038793599636	0.4503280764360539	6.204119633615823	3.1641921775349036	2.7770981922159037
0.32258547254518244	0.4221940831126971	0.45188212271209854	6.183893229220412	3.1616796615107168	2.792937818606634
0.32358696903418904	0.4238977782893979	0.4534361689881432	6.161946431470156	3.1582444078052787	2.8074234700535645
0.3245884655231956	0.4256014734660988	0.45499021526418787	6.138282408637965	3.1539433659567924	2.8205575549667588
0.32558996201220214	0.42730516864279955	0.45654426154023253	6.113070064336389	3.148842539027462	2.8323041823721966
0.3265914585012087	0.42900886381950043	0.4580983078162772	6.086694813195088	3.142973185306719	2.842686924407669
0.3275929549902153	0.4307125589962012	0.45965235409232186	6.059451910885646	3.136430081088596	2.851907922277594
0.32859445147922184	0.43241625417290197	0.4612064003683666	6.031638818361751	3.129353990075372	2.8600800947097693
0.3295959479682284	0.43411994934960285	0.46276044664441124	6.003521121063467	3.1218348591020675	2.867337450618363
0.33059744445723493	0.4358236445263036	0.4643144929204559	5.975301555054419	3.1139665962756307	2.873831339469222
0.33159894094624154	0.4375273397030045	0.46586853919650056	5.947095498465639	3.10584722906061	2.8797255378981546
0.3326004374352481	0.4392310348797053	0.4674225854725452	5.918915608742629	3.097578903914763	2.8851903277773654
0.33360193392425463	0.44093473005640615	0.4689766317485899	5.890667470751091	3.089267541380842	2.8903958138119665
0.3346034304132612	0.4426384252331069	0.47053067802463455	5.862123386394826	3.0810219751844032	2.895504822202575
0.3356049269022678	0.4443421204098077	0.4720847243006792	5.832934255680688	3.0729739336643296	2.9006916478781717
0.33660642339127433	0.4460458155865086	0.4736387705767239	5.802796593270006	3.065258641169367	2.9060860755351374
0.3376079198802809	0.44774951076320935	0.47519281685276854	5.771403119008804	3.0579609776418093	2.911774070013168
0.3386094163692875	0.4494532059399102	0.4767468631288132	5.738498105608926	3.0511669765534077	2.917815065173216
0.33961091285829403	0.451156901116611	0.47830090940485787	5.703907577038991	3.04494586001463	2.924243788733587
0.3406124093473006	0.4528605962933119	0.47985495568090253	5.667561469269269	3.0393460145202758	2.931074732991408
0.34161390583630713	0.45456429147001265	0.4814090019569472	5.629505984284785	3.0343915188383623	2.9383081532335242
0.34261540232531373	0.4562679866467134	0.48296304823299185	5.589905097818345	3.030079420122162	2.945936978325249
0.3436168988143203	0.4579716818234143	0.4845170945090365	5.549030945742736	3.0263779211337254	2.953953920890959
0.34461839530332683	0.45967537700011507	0.4860711407850812	5.507218242138532	3.023256098970601	2.962385195132841
0.3456198917923334	0.46137907217681595	0.48762518706112584	5.464976981237582	3.0205907793340563	2.971248010712903
0.3466213882813399	0.4630827673535167	0.4891792333371705	5.422786187363119	3.0182110906586157	2.980546608832915
0.34762288477034653	0.4647864625302176	0.49073327961321517	5.381024103421983	3.015963322993641	2.990320887860384
0.3486243812593531	0.4664901577069184	0.49228732588925983	5.33999180598698	3.013676175719672	3.0006143996363464
0.3496258777483596	0.46819385288361914	0.4938413721653045	5.299889108032598	3.011165052040216	3.0114668838406033
0.3506273742373662	0.46989754806032	0.49539541844134916	5.260800098202199	3.0082365888797318	3.022905977577202
0.3516288707263728	0.4716012432370208	0.4969494647173938	5.222689327410416	3.0046933596830785	3.034938874629989
0.3526303672153793	0.4733049384137217	0.4985035109934385	5.185408858717405	3.000338709025048	3.0475447070670008
0.3536318637043859	0.47500863359042245	0.5000575572694831	5.148715579503222	2.9948916822763962	3.0606720130661094
0.3546333601933924	0.4767123287671232	0.5016116035455278	5.112287062609617	2.9881392402767006	3.074250098326576
0.355634856682399	0.4784160239438241	0.5031656498215724	5.0757033343368505	2.9800030246412526	3.0880626396013993
0.3566363531714056	0.48011971912052487	0.5047196960976171	5.03862365716074	2.9703608204852965	3.1019268462126863
0.3576378496604121	0.48182341429722575	0.5062737423736617	5.000772785535181	2.9591222747049786	3.1156371011150483
0.35863934614941867	0.4835271094739265	0.5078277886497065	4.961945845451695	2.9462334712569236	3.128975474587763
0.3596408426384253	0.4852308046506274	0.5093818349257511	4.9220172939903915	2.9316807045506015	3.1417236276873606
0.3606423391274318	0.48693449982732817	0.5109358812017958	4.880940036710998	2.915493164954197	3.1536754431248952
0.36164383561643837	0.48863819500402894	0.5124899274778405	4.838735573967979	2.8977442506031093	3.164649693467022
0.3626453321054449	0.4903418901807298	0.5140439737538851	4.795476852471499	2.878457659557522	3.174502041017072
0.3636468285944515	0.4920455853574306	0.5155980200299298	4.7512661888179375	2.857855699885855	3.1830292760790426
0.36464832508345807	0.4937492805341315	0.5171520663059744	4.7061539061471525	2.836244072457499	3.1902484439733683
0.3656498215724646	0.49545297571083224	0.5187061125820192	4.66025887472619	2.8138524693519833	3.1962740053015195
0.36665131806147117	0.4971566708875331	0.5202601588580638	4.613654794859941	2.790920255539452	3.2012203347959853
0.36765281455047777	0.4988603660642339	0.5218142051341085	4.566330261257668	2.7676855344214655	3.2052561434872686
0.3686543110394843	0.5005640612409347	0.5233682514101531	4.518234899494718	2.744374315697958	3.208595824797626
0.36965580752849087	0.5022677564176355	0.5249222976861978	4.46928961588793	2.7211903727451894	3.211488244398378
0.3706573040174974	0.5039714515943363	0.5264763439622424	4.419399942691116	2.6983063647034946	3.214203503296617
0.371658800506504	0.5056751467710372	0.5280303902382871	4.368470286322258	2.675898415684814	3.217018279176009
0.37266029699551056	0.507378841947738	0.5295844365143317	4.316416999071501	2.654058389882004	3.220217889722898
0.3736617934845171	0.5090825371244388	0.5311384827903765	4.263178472447332	2.6327813817443046	3.224131656137752
0.37466328997352366	0.5107862323011396	0.5326925290664211	4.208618960168962	2.6120540549737807	3.2288944918998292
0.37566478646253026	0.5124899274778404	0.5342465753424658	4.152789871814928	2.5918328262395938	3.2346229680219962
0.3766662829515368	0.5141936226545413	0.5358006216185104	4.095768739549359	2.5720520804707743	3.241369274925532
0.37766777944054336	0.515897317831242	0.5373546678945551	4.0375933519511795	2.5526330774002934	3.249119029184951
0.3786692759295499	0.5176010130079429	0.5389087141705997	3.97830657232796	2.533492970790695	3.2577927154067656
0.37967077241855646	0.5193047081846437	0.5404627604466444	3.9179522055990925	2.5145533785094054	3.2672506508886823
0.38067226890756306	0.5210084033613446	0.542016806722689	3.856574092118485	2.495754565053179	3.277301208793477
0.3816737653965696	0.5227120985380453	0.5435708529987338	3.7942187161469745	2.4770432066409276	3.287711886110448
0.38267526188557616	0.5244157937147462	0.5451248992747784	3.7309411538864032	2.4583988794489713	3.2981975087817292
0.3836767583745827	0.526119488891447	0.5466789455508231	3.666813741162294	2.439832053613212	3.3084324244900283
0.3846782548635893	0.5278231840681478	0.5482329918268677	3.601885689253167	2.421373726041011	3.318158392389663
0.38567975135259586	0.5295268792448486	0.5497870381029124	3.5363780009231642	2.4030721536420856	3.3271458657335127
0.3866812478416024	0.5312305744215494	0.551341084378957	3.470527991107295	2.384988813947187	3.335201006453101
0.38768274433060895	0.5329342695982503	0.5528951306550017	3.404598222552346	2.367193900693963	3.3421716596070286
0.38868424081961556	0.5346379647749511	0.5544491769310463	3.3388981463566725	2.3497616453395307	3.3479500070379853
0.3896857373086221	0.536341659951652	0.5560032232070911	3.2737750305900986	2.3328085230596063	3.3524719133836625
0.39068723379762865	0.5380453551283527	0.5575572694831357	3.2096005211906444	2.316406238189828	3.355713149649429
0.3916887302866352	0.5397490503050535	0.5591113157591804	3.146753589600123	2.3005804419574467	3.3576274011786884
0.3926902267756418	0.5414527454817544	0.5606653620352251	3.0856008606004095	2.285370092096096	3.358203907843906
0.39369172326464835	0.5431564406584551	0.5622194083112697	3.026475507385637	2.2707988993618953	3.3576045272578434
0.3946932197536549	0.544860135835156	0.5637734545873144	2.9699024116598065	2.256874229815535	3.355874230393765
0.39569471624266145	0.5465638310118568	0.565327500863359	2.915926788772784	2.243586570590865	3.353047561721311
0.39669621273166805	0.5482675261885577	0.5668815471394038	2.8645420416498037	2.2309095741041176	3.3491441693452524
0.3976977092206746	0.5499712213652584	0.5684355934154484	2.815701531109493	2.2188007023330125	3.3441671337249934
0.39869920570968115	0.5516749165419592	0.5699896396914931	2.769252143394608	2.2072378854466272	3.338104129265694
0.3997007021986877	0.5533786117186601	0.5715436859675377	2.7249395695083116	2.19611799159204	3.3309312534785973
0.4007021986876943	0.5550823068953609	0.5730977322435824	2.68241920874034	2.185328655716583	3.322619159714275
0.40170369517670085	0.5567860020720617	0.574651778519627	2.6412722435062035	2.1747844628812283	3.312998071442679
0.4027051916657074	0.5584896972487625	0.5762058247956717	2.60102620364624	2.164401769468766	3.3021854876290817
0.40370668815471394	0.5601933924254634	0.5777598710717163	2.5611791220539546	2.1541030003196417	3.2902165418050946
0.40470818464372055	0.5618970876021642	0.579313917347761	2.5211544062143605	2.143820660527357	3.2771397352026557
0.4057096811327271	0.5636007827788649	0.5808679636238057	2.480427878954167	2.133500807015839	3.263033390761822
0.40671117762173364	0.5653044779555658	0.5824220098998504	2.438619969770328	2.123105729061609	3.2480041241371955
0.4077126741107402	0.5670081731322666	0.583976056175895	2.3954375557171526	2.1126076913164886	3.23218286205539
0.4087141705997468	0.5687118683089675	0.5855301024519397	2.350691427930501	2.102013437989909	3.2157188296600454
0.40971566708875334	0.5704155634856682	0.5870841487279843	2.3043039893060646	2.0913502810727604	3.1987720617759945
0.4107171635777599	0.572119258662369	0.588638195004029	2.2563102542143683	2.0806499048415823	3.1814966938534512
0.41171866006676644	0.5738229538390699	0.5901922412800737	2.206852150040065	2.069948831872101	3.164078752254067
0.412720156555773	0.5755266490157707	0.5917462875561184	2.1561664951123842	2.059283313121884	3.1466717228393835
0.4137216530447796	0.5772303441924715	0.5933003338321631	2.1045674056913874	2.0486843831105874	3.129384110004815
0.41472314953378614	0.5789340393691723	0.5948543801082077	2.052419930769659	2.038173450625287	3.1122985255766302
0.4157246460227927	0.5806377345458732	0.5964084263842524	2.0002329421896756	2.0277587723063357	3.095469834812662
0.41672614251179924	0.582341429722574	0.597962472660297	1.94840172384061	2.0174378951033884	3.078924102609773
0.41772763900080584	0.5840451248992747	0.5995165189363417	1.8972814248418886	2.0071735387819944	3.0626580744617526
0.4187291354898124	0.5857488200759756	0.6010705652123863	1.8471791406848583	1.9969161412369425	3.0466389728125156
0.41973063197881894	0.5874525152526764	0.602624611488431	1.798344085217408	1.986611966571184	3.030804810125387
0.4207321284678255	0.5891562104293773	0.6041786577644757	1.7509629651470022	1.9762027474684	3.0150515339518664
0.4217336249568321	0.590859905606078	0.6057327040405204	1.7051601154419844	1.9656300657368333	2.999219249233424
0.42273512144583864	0.5925636007827789	0.607286750316565	1.6610016081324477	1.954839447913724	2.9831459202665953
0.4237366179348452	0.5942672959594797	0.6088407965926097	1.6185022570936358	1.9437838797665608	2.966647142281227
0.42473811442385173	0.5959709911361805	0.6103948428686543	1.5778166910835703	1.932426491081378	2.949521336971448
0.42573961091285834	0.5976746863128813	0.611948889144699	1.5386852177166706	1.9207113804456577	2.931556530146868
0.4267411074018649	0.5993783814895821	0.6135029354207436	1.5009978738272725	1.9086399532696097	2.912538578067336
0.42774260389087143	0.601082076666283	0.6150569816967884	1.4646375566785685	1.8962335016522518	2.892260592353586
0.428744100379878	0.6027857718429838	0.616611027972833	1.4294692071926298	1.8835044137334829	2.8705332025779144
0.4297455968688846	0.6044894670196846	0.6181650742488777	1.3953402513131732	1.8704712147351945	2.8470533387309573
0.43074709335789113	0.6061931621963854	0.6197191205249223	1.3620808499821246	1.857156691722122	2.8217354505937595
0.4317485898468977	0.6078968573730862	0.621273166800967	1.3295047922566132	1.8435863070569523	2.794622266248265
0.4327500863359042	0.6096005525497871	0.6228272130770116	1.2974118087580533	1.8297869695044984	2.7657275891030455
0.43375158282491083	0.6113042477264878	0.6243812593530563	1.2655919559800128	1.8157861856533466	2.7351235231342668
0.4347530793139174	0.6130079429031887	0.6259353056291009	1.2338083093594931	1.8015985913397325	2.7029382131433044
0.4357545758029239	0.6147116380798895	0.6274893519051457	1.2018312325355296	1.787264929804164	2.669350461091279
0.4367560722919305	0.6164153332565903	0.6290433981811903	1.1694943764152013	1.7728200339576545	2.6345814103538663
0.4377575687809371	0.6181190284332911	0.630597444457235	1.1366727457991503	1.7582886692821762	2.5988836256611334
0.4387590652699436	0.6198227236099919	0.6321514907332796	1.1032935981500138	1.7436931023146947	2.562520248224731
0.4397605617589502	0.6215264187866928	0.6337055370093243	1.0693446607204269	1.729051965180709	2.525781473574963
0.4407620582479567	0.6232301139633936	0.635259583285369	1.0348787692015997	1.7143790801727874	2.4889863199889932
0.44176355473696327	0.6249338091400944	0.6368136295614136	1.0000143027289459	1.6996823867507032	2.452344248343884
0.4427650512259699	0.6266375043167952	0.6383676758374583	0.9649310734375366	1.6849631243113328	2.416017581839572
0.4437665477149764	0.628341199493496	0.639921722113503	0.9298637205332794	1.670210975201228	2.380114509540396
0.44476804420398297	0.6300448946701969	0.6414757683895477	0.8951664868455506	1.6554098270850968	2.344685471505497
0.4457695406929895	0.6317485898468976	0.6430298146655923	0.8611336295469365	1.640540767136995	2.309723004479454
0.4467710371819961	0.6334522850235985	0.644583860941637	0.8280515019993991	1.6255812077968947	2.2751649584905875
0.44777253367100267	0.6351559802002993	0.6461379072176816	0.7961793512647878	1.6105083858255862	2.24090083013338
0.4487740301600092	0.6368596753770002	0.6476919534937263	0.7657347005836757	1.5953011565560684	2.2067722952407895
0.44977552664901577	0.6385633705537009	0.6492459997697709	0.7368822781627091	1.579941287599024	2.172555251864985
0.45077702313802237	0.6402670657304017	0.65080004604581565	0.7097270411791086	1.5644140675952496	2.1380541780914877
0.4517785196270289	0.6419707609071026	0.6523540923218603	0.6843115522255409	1.5487080890608338	2.1030845216286274
0.45278001611603547	0.6436744560838034	0.653908138597905	0.660617680289534	1.5327944497135644	2.067478613380876
0.453781512605042	0.6453781512605042	0.6554621848739496	0.6385921725898515	1.51667000679421	2.031094287489286
0.4547830090940486	0.647081846437205	0.6570162311499943	0.6182407184252493	1.5003271179043862	1.9938217243007197
0.45578450558305517	0.6487855416139059	0.6585702774260389	0.5992160327226783	1.483741653420683	1.9555884623374566
0.4567860020720617	0.6504892367906067	0.6601243237020836	0.5813459164000718	1.4668800623651008	1.916362600787582
0.45778749856106826	0.6521929319673074	0.6616783699781282	0.5644600232069137	1.4496989962896027	1.8761169218123275
0.45878899505007487	0.6538966271440083	0.663232416254173	0.5484004214999881	1.432146281342096	1.8348775686839736
0.4597904915390814	0.6556003223207091	0.6647864625302176	0.5330299566574203	1.41416330301878	1.7928474777924366
0.46079198802808796	0.65730401749741	0.6663405088062623	0.5182381139351513	1.395688779146042	1.750170623279808
0.4617934845170945	0.6590077126741107	0.6678945550823069	0.5039442401886511	1.3766032383874487	1.7070175818586142
0.4627949810061011	0.6607114078508116	0.6694486013583516	0.49009813374306527	1.356884003292577	1.6635784564337588
0.46379647749510766	0.6624151030275124	0.6710026476343962	0.4766868645109869	1.3365339933777165	1.6200548450612011
0.4647979739841142	0.6641187982042132	0.6725566939104409	0.4637543393432769	1.3155566666051561	1.5766511059095691
0.46579947047312076	0.665822493380914	0.6741107401864855	0.4512815791892264	1.2939829160548253	1.5335652442205718
0.46680096696212736	0.6675261885576148	0.6756647864625303	0.43930026120221477	1.2718719072609435	1.4909798220660866
0.4678024634511339	0.6692298837343157	0.6772188327385749	0.42784037850716483	1.249309925688895	1.4491480265123802
0.46880395994014046	0.6709335789110165	0.6787728790146196	0.4169237051930445	1.2264072620284743	1.4081362158815873
0.469805456429147	0.6726372740877172	0.6803269252906642	0.40655836001181167	1.2032932595237493	1.3680013329706915
0.4708069529181536	0.6743409692644181	0.6818809715667089	0.3967347558215902	1.180121470834623	1.3287734452653088
0.47180844940716016	0.6760446644411189	0.6834350178427535	0.3874231361259358	1.1570694337868117	1.290446931962513
0.4728099458961667	0.6777483596178198	0.6849890641187982	0.37857281181361346	1.1342716284482057	1.2529854107477423
0.47381144238517325	0.6794520547945205	0.686543110394843	0.3701208157004502	1.1118418372032834	1.216328396176737
0.4748129388741798	0.6811557499712214	0.6880971566708876	0.3619815755524404	1.0898696716084348	1.1803991500148459
0.4758144353631864	0.6828594451479222	0.6896512029469323	0.354012558657536	1.068416557836585	1.1451131202857379
0.47681593185219295	0.684563140324623	0.6912052492229769	0.34610646851162125	1.047513467600952	1.110414231450972
0.4778174283411995	0.6862668355013238	0.6927592954990216	0.33815909179299275	1.0271604474673741	1.0762225943031054
0.47881892483020605	0.6879705306780246	0.6943133417750662	0.33007528816866916	1.0073279332965068	1.0424455174486973
0.47982042131921265	0.6896742258547255	0.6958673880511109	0.32177448162206373	0.9879970631633093	1.00905171776605
0.4808219178082192	0.6913779210314263	0.6974214343271555	0.3131953890753483	0.9690387047167391	0.9760296215006347
0.48182341429722575	0.6930816162081271	0.6989754806032002	0.30429977290795507	0.9503385507634814	0.9433859946191283
0.4828249107862323	0.6947853113848279	0.7005295268792449	0.2950750578803209	0.9317977087910009	0.9111434731371858
0.4838264072752389	0.6964890065615287	0.7020835731552896	0.2855269077224773	0.9133217890595788	0.8793373491861068
0.48482790376424545	0.6981927017382296	0.7036376194313342	0.2756957200735542	0.8948272780341517	0.8480119637765382
0.485829400253252	0.6998963969149303	0.7051916657073789	0.26568880776281684	0.8762471620222065	0.8172175904442304
0.48683089674225855	0.7016000920916312	0.7067457119834235	0.2556051397669097	0.8575355678880321	0.78709184334311455
0.48783239323126515	0.703303787268332	0.7082997582594682	0.24555975498753846	0.83867121175614745	0.7576126174746862
0.4888338897202717	0.7050074824450329	0.7098538045355128	0.23567877367964596	0.8196493913308206	0.7288240743872345
0.48983538620927825	0.7067111776217336	0.7114078508115576	0.22609389540041286	0.8005291585060242	0.7007646942267648
0.4908368826982848	0.7084148727984344	0.7129618970876022	0.2169365229769267	0.7813853774762088	0.6734665832081695
0.4918383791872914	0.7101185679751353	0.7145159433636469	0.20833165758513295	0.7623051363104874	0.6469550625443333
0.49283987567629794	0.711822263151836	0.7160699896396915	0.20039171990147586	0.7433871406067091	0.6212484651538562
0.4938413721653045	0.7135259583285369	0.7176240359157362	0.1932445157472346	0.7247351709755122	0.5963580851721908
0.49484286865431104	0.7152296535052377	0.7191780821917808	0.1870010132805915	0.7064512055731003	0.5722882442687237
0.49584436514331764	0.7169333486819385	0.7207321284678255	0.18161879201219686	0.6886285573555704	0.5490986195982108
0.4968458616323242	0.7186370438586394	0.7222861747438701	0.17708465423982664	0.6713453850054993	0.5267599300620329
0.49784735812133074	0.7203407390353401	0.7238402210199149	0.1733488800555004	0.6547266716912357	0.5052075925638552
0.4988488546103373	0.722044434212041	0.7253942672959595	0.17032611985819227	0.6387546608437176	0.484419241371987
0.4998503510993439	0.7237481293887418	0.7269483135720042	0.16789832438147148	0.6233951628033484	0.4643689178326891
0.5008518475883504	0.7254518245654427	0.7285023598480488	0.1659197241763818	0.6086077389220551	0.44502819139674316
0.5018533440773569	0.7271555197421434	0.7300564061240935	0.1642237489180896	0.5943279764280663	0.42636732909655306
0.5028548405663635	0.7288592149188442	0.7316104524001381	0.16263164955990264	0.580472012626833	0.408356449259631
0.5038563370553701	0.7305629100955451	0.7331644986761828	0.16094920032172771	0.5669421594534456	0.39096659337000245
0.5048578335443766	0.7322666052722459	0.7347185449522274	0.15896787934613668	0.5536333110799898	0.37418139777143833
0.5058593300333832	0.7339703004489467	0.7362725912282722	0.15655743318490992	0.5404397880718326	0.3580273221216762
0.5068608265223897	0.7356739956256475	0.7378266375043169	0.15361568227295966	0.5272526708012536	0.34241591098709906
0.5078623230113963	0.7373776908023484	0.7393806837803615	0.15008070014949002	0.5139761404252048	0.3273301988824188
0.5088638195004029	0.7390813859790492	0.7409347300564062	0.1459334370662247	0.500556554918239	0.31275574207476936
0.5098653159894094	0.7407850811557499	0.7424887763324508	0.14119737611508187	0.4869646590900708	0.2986800489214248
0.510866812478416	0.7424887763324508	0.7440428226084955	0.13593527064306324	0.4731960348233804	0.2850919041271206
0.5118683089674225	0.7441924715091516	0.7455968688845401	0.13024319359495323	0.4592702660765788	0.2719806435473497
0.5128698054564291	0.7458961666858525	0.7471509151605848	0.12424230200065814	0.44522875513857707	0.2593354359093971
0.5138713019454357	0.7475998618625532	0.7487049614366295	0.11806853873044099	0.4311313523688076	0.24714462660569408
0.5148727984344422	0.7493035570392541	0.7502590077126742	0.11188803894251419	0.4170519985840081	0.23543541260104578
0.5158742949234488	0.7510072522159549	0.7518130539887188	0.10583619191204896	0.4030973389090254	0.22416476924065615
0.5168757914124554	0.7527109473926556	0.7533671002647635	0.10001446087195424	0.3893595850171835	0.2132979974039218
0.5178772879014619	0.7544146425693565	0.7549211465408081	0.0944966360180699	0.3759127619633577	0.20281630080810018
0.5188787843904685	0.7561183377460573	0.7564751928168528	0.08932613357920995	0.36282280282939605	0.19270009722226858
0.519880280879475	0.7578220329227582	0.7580292390928974	0.08451600756121529	0.35014069538515463	0.18292972369419125
0.5208817773684816	0.759525728099459	0.7595832853689422	0.0800514957986279	0.3379000548021283	0.17348622461927918
0.5218832738574882	0.7612294232761598	0.7611373316449868	0.07589475951371816	0.32611576340443404	0.16435216052592108
0.5228847703464947	0.7629331184528606	0.7626913779210315	0.07199133282809794	0.3147837005028578	0.1555123726334114
0.5238862668355013	0.7646368136295614	0.7642454241970761	0.06828470404344812	0.30388155313472376	0.14696473551149666
0.5248877633245079	0.7663405088062623	0.7657994704731208	0.06469939209638705	0.29340743355717436	0.13871615383351843
0.5258892598135144	0.768044203982963	0.7673535167491654	0.06117239222859701	0.28326249607237936	0.13073585786893183
0.526890756302521	0.7697478991596639	0.7689075630252101	0.05766806198011732	0.2733726845219849	0.12302376287111548
0.5278922527915275	0.7714515943363647	0.7704616093012547	0.05416863009958133	0.2636735389474611	0.11558246123426985
0.5288937492805341	0.7731552895130654	0.7720156555772995	0.050674663982719914	0.25410360251012176	0.10841654418452233
0.5298952457695407	0.7748589846897663	0.7735697018533441	0.04720376356512355	0.24460835899114694	0.10153185769200779
0.5308967422585472	0.7765626798664671	0.7751237481293888	0.04378776208196297	0.2351436579798603	0.09493475577291544
0.5318982387475538	0.778266375043168	0.7766777944054334	0.04046879700638598	0.22567847418673215	0.0886314099645576
0.5328997352365604	0.7799700702198687	0.7782318406814781	0.03729467529230347	0.21619686825204945	0.08262722738127772
0.5339012317255669	0.7816737653965696	0.7797858869575227	0.03433081160823159	0.20670038838315158	0.07696114398389889
0.5349027282145735	0.7833774605732704	0.7813399332335674	0.03162629878571705	0.1972157377598459	0.07160786421999572
0.53590422470358	0.7850811557499712	0.782893979509612	0.02920121491564456	0.18778112916168635	0.06656152665842505
0.5369057211925866	0.786784850926672	0.7844480257856568	0.027075447397580974	0.17844445285584123	0.06182147262118253
0.5379072176815932	0.7884885461033728	0.7860020720617015	0.02525693292296238	0.16926034113947286	0.057386013024830096
0.5389087141705997	0.7901922412800737	0.7875561183377461	0.02374211899536252	0.16028668384191647	0.053252599406394964
0.5399102106596063	0.7918959364567745	0.7891101646137908	0.022517156995064923	0.15158112837063625	0.04941793467559154
0.5409117071486128	0.7935996316334754	0.7906642108898354	0.021559590916049854	0.14319773897486088	0.04587800072789097
0.5419132036376194	0.7953033268101761	0.7922182571658801	0.020840302837242686	0.1351839795891826	0.0426279905730937
0.542914700126626	0.7970070219868769	0.7937723034419247	0.020325489621181952	0.12763034133881387	0.03967731187622073
0.5439161966156325	0.7987107171635778	0.7953263497179694	0.01998761568589122	0.12052491246252627	0.037023647705870924
0.5449176931046391	0.8004144123402785	0.7968803959940141	0.019776905742683037	0.11386564941913642	0.034634974120606274
0.5459191895936457	0.8021181075169794	0.7984344422700588	0.01964729237541015	0.10764855832828032	0.032499839204363584
0.5469206860826522	0.8038218026936802	0.7999884885461034	0.0195620953915586	0.10185885402076697	0.03060470966860105
0.5479221825716588	0.8055254978703811	0.8015425348221481	0.019486342493368954	0.09647238977425428	0.02893396501243929
0.5489236790606653	0.80722919304708185	0.8030965810981927	0.019387436311303095	0.09145739671467128	0.027470016614562408
0.5499251755496719	0.8089328882237826	0.8046506273742374	0.019235931614788794	0.08677643199694764	0.0261935502533016
0.5509266720386785	0.8106365834004835	0.806204673650282	0.01900643469157449	0.08238843613054943	0.0250838829101153
0.551928168527685	0.8123402785771843	0.8077587199263268	0.018678598385777276	0.07827467546989719	0.024119417384748827
0.5529296650166916	0.8140439737538852	0.8093127662023714	0.01823814953291588	0.07436193219214485	0.023290687247493457
0.5539311615056982	0.8157476689305859	0.8108668124784161	0.017668261979157107	0.07060779565884635	0.022557489045540235
0.5549326579947047	0.8174513641072868	0.8124208587544607	0.016976943613166318	0.06697997853669024	0.02189931114576675
0.5559341544837113	0.8191550592839876	0.8139749050305054	0.016182039925878286	0.06345184124937578	0.021297624998162377
0.5569356509727178	0.8208587544606883	0.81552895130655	0.015303670044558864	0.060002959666518044	0.020735824377361888
0.5579371474617244	0.8225624496373892	0.8170829975825947	0.014368363151730776	0.05661940455335806	0.020199419740747723
0.558938643950731	0.82426614481409	0.8186370438586393	0.013407602678839023	0.053293740076762366	0.019676110233411974
0.5599401404397375	0.8259698399907909	0.820191090134684	0.012456073322009004	0.050024752297038164	0.019155736462565392
0.5609416369287441	0.8276735351674916	0.8217451364107287	0.011549722872432739	0.04682618595779167	0.018630123964503323
0.5619431334177507	0.8293772303441924	0.8232991826867734	0.010723758152135955	0.043704098192756155	0.018091548476991286
0.5629446299067572	0.8310809255208933	0.824853228962818	0.010010695182234736	0.04067160109179877	0.01753432341368086
0.5639461263957638	0.8327846206975941	0.8264072752388627	0.009453385355208852	0.037744571309191254	0.016955615976087135
0.5649476228847703	0.834488315874295	0.8279613215149073	0.009067912305220088	0.03493917978138884	0.016352455669893167
0.5659491193737769	0.8361920110509957	0.829515367790952	0.008859976554915489	0.032270708761943455	0.015722356008709013
0.5669506158627835	0.8378957062276966	0.8310694140669966	0.008832556984732082	0.029752474388565233	0.015063307695585674
0.56795211235179	0.8395994014043974	0.8326234603430414	0.00898073613387961	0.02739490115808468	0.014373879390103263
0.5689536088407966	0.8413030965810981	0.8341775066190861	0.009292075211394128	0.025204791102972107	0.013653410660699784
0.5699551053298031	0.843006791757799	0.8357315528951307	0.009747275259770184	0.023205693152482148	0.012902272508947179
0.5709566018188097	0.8447104869344998	0.8372855991711754	0.010321084121418874	0.02137553170513884	0.012121793511755958
0.5719580983078163	0.8464141821112007	0.83883964544722	0.010983408380306947	0.019703454196523976	0.011313714313826637
0.5729595947968228	0.8481178772879014	0.8403936917232647	0.011700589973110888	0.018178422838142222	0.010487642885440542
0.5739610912858294	0.8498215724646023	0.8419477379993093	0.012434296298359774	0.016787038379771857	0.009651527937204713
0.574962587774836	0.8515252676413031	0.843501784275354	0.013141126199809422	0.01551441445208589	0.008814854030259089
0.5759640842638425	0.8532289628180039	0.8450558305513987	0.013786661126805277	0.01434508007258229	0.00798823316043296
0.5769655807528491	0.8549326579947047	0.8466098768274434	0.014340397058321082	0.013263857467730131	0.007182882036269729
0.5779670772418556	0.8566363531714055	0.848163923103488	0.014776566339019075	0.012256664322104807	0.006410024596260029
0.5789685737308622	0.8583400483481064	0.8497179693795327	0.015075196999208656	0.011317557371847529	0.005680264303792078
0.5799700702198688	0.8600437435248072	0.8512720156555773	0.01522290667428254	0.010429002328402147	0.005002974190683451
0.5809715667088753	0.861747438701508	0.852826061931622	0.015213381773973288	0.009584091560564258	0.004391770459805798
0.5819730631978819	0.8634511338782088	0.8543801082076666	0.015047502800048206	0.008779235010536172	0.003849353482582945
0.5829745596868885	0.8651548290549096	0.8559341544837114	0.014733089997741686	0.008012932650230987	0.0033747303210444396
0.583976056175895	0.8668585242316105	0.857488200759756	0.014273038996170714	0.007285373936387585	0.002967186922468871
0.5849775526649016	0.8685622194083112	0.8590422470358007	0.013701746818758314	0.0065979743978935475	0.0026239279969859745
0.5859790491539081	0.8702659145850121	0.8605962933118453	0.013046149471543096	0.005952883656630884	0.002340434292551033
0.5869805456429147	0.8719696097617129	0.86215033958789	0.01233123368057621	0.005352498321914934	0.0021108787654472248
0.5879820421319213	0.8736733049384137	0.8637043858639346	0.011581467734812261	0.0048053219524765815	0.0019285658425805497
0.5889835386209279	0.8753770001151145	0.8652584321399793	0.010819401765060013	0.004307323028852013	0.0017863600081317516
0.5899850351099344	0.8770806952918153	0.8668124784160239	0.010064519632863915	0.0038579739117352743	0.001677892377501062
0.590986531598941	0.8787843904685162	0.8683665246920687	0.009332406801043488	0.0034563169472981315	0.001596756846790175
0.5919880280879475	0.880488085645217	0.8699205709681133	0.008634275422098815	0.0031003762737801793	0.0015335822904620588
0.5929895245769541	0.8821917808219178	0.871474617244158	0.007976862642343893	0.002787255853725984	0.0014830048322459252
0.5939910210659607	0.8838954759986186	0.8730286635202026	0.007367196723907227	0.0025132903232032537	0.0014403640470434778
0.5949925175549672	0.8855991711753194	0.8745827097962473	0.006799108023038763	0.002274234752403148	0.001401685887177004
0.5959940140439738	0.8873028663520203	0.8761367560722919	0.006267429461857953	0.00206547917871829	0.001363651034229003
0.5969955105329804	0.889006561528721	0.8776908023483366	0.0057665937375285135	0.0018848613348270821	0.0013235598582415106
0.5979970070219869	0.8907102567054219	0.8792448486243812	0.005290840140311072	0.0017240363708620244	0.001279301945801194
0.5989985035109935	0.8924139518821227	0.880798894900426	0.004834960727438724	0.0015786757632802518	0.0012293347684730997
0.6	0.8941176470588236	0.8823529411764706	0.00439486660960056	0.0014452690763299915	0.0011719035898074476
