x.1	x.2	x.3	x.4	x.5	x.6	x.7	x.8	x.9	x.10	y.1	y.2	y.3	y.4	y.5	y.6	y.7	y.8	y.9	y.10
0	0	0	0	0	0	0	0	0	0	0.17058823529411765	0.17058823529411765	0.38823529411764707	0.38823529411764707	0.4470588235294118	0.4470588235294118	0.5058823529411764	0.5058823529411764	0.5823529411764706	0.5823529411764706
6.896230439700289e-4	0.0013245107343692643	0.3773383907078913	0.37756554245435464	0.3906253510115162	0.41679898552664646	0.28856864919417075	0.318028255830208	0.1663774631419067	0.2291436420261117	0.17058823529411765	0.17058823529411765	0.38823529411764707	0.38823529411764707	0.4470588235294118	0.4470588235294118	0.5058823529411764	0.5058823529411764	0.5823529411764706	0.5823529411764706
7.542369799642869e-4	0.0014089604925250532	0.38359120163502064	0.38478374594772147	0.39678343951548734	0.4245868837325888	0.29682618119864834	0.32521299030509165	0.1783221529735258	0.23756077081484941	0.17141868512110728	0.17141868512110728	0.38844290657439445	0.38844290657439445	0.44726643598615917	0.44726643598615917	0.506159169550173	0.506159169550173	0.5832987312572088	0.5829527104959631
8.242198531524733e-4	0.0014958222695735572	0.38901755836546564	0.3914278529559526	0.4020298184534378	0.4317831882686287	0.30450343516329276	0.3320264709821092	0.1896368103195745	0.24563080087715927	0.17224913494809688	0.17224913494809688	0.3886505190311419	0.3886505190311419	0.4474740484429066	0.4474740484429066	0.5064359861591695	0.5064359861591695	0.584244521337947	0.5835524798154557
9.018189573250775e-4	0.0015861208035913522	0.3936188104931261	0.3975796972222183	0.40629284413957717	0.4384135794054143	0.31164388801694276	0.3384139676956827	0.2001342549940549	0.2532533209043432	0.1730795847750865	0.1730795847750865	0.3888581314878893	0.3888581314878893	0.447681660899654	0.447681660899654	0.5067128027681661	0.5067128027681661	0.5851903114186852	0.5841522491349481
9.874439226452462e-4	0.0016802758411426923	0.3974495412362118	0.40325035147246885	0.4097651910558492	0.44452528593291507	0.3182776808600778	0.3444234633126527	0.209732508008692	0.26045596076757144	0.17391003460207613	0.17391003460207613	0.38906574394463667	0.38906574394463667	0.4478892733564014	0.4478892733564014	0.5069896193771626	0.5069896193771626	0.5861361014994233	0.5847520184544407
0.0010818850071168974	0.0017797186011378472	0.40068532794815537	0.4083809710433572	0.41254623890132897	0.4501218154924054	0.32437118419072025	0.35005180530424357	0.21841307186883838	0.26721687790680954	0.17474048442906576	0.17474048442906576	0.3892733564013841	0.3892733564013841	0.4480968858131488	0.4480968858131488	0.5072664359861592	0.5072664359861592	0.5870818915801616	0.5853517877739332
0.0011860446044397596	0.0018842443342036257	0.4033312151760726	0.413057994182552	0.4146972653964671	0.45515177464438605	0.33003168509100045	0.35526734296113466	0.22601332162413712	0.2734586240417924	0.17557093425605536	0.17557093425605536	0.3894809688581315	0.3894809688581315	0.4483044982698962	0.4483044982698962	0.5075432525951556	0.5075432525951556	0.5880276816608997	0.5859515570934256
0.001298249057619712	0.001995402414613609	0.4055710843092711	0.4173136282951475	0.4164237057112352	0.4597166984774022	0.33521691664525166	0.3600678058859869	0.2326633606264495	0.2792497363249255	0.17640138408304498	0.17640138408304498	0.3896885813148789	0.3896885813148789	0.4485121107266436	0.4485121107266436	0.5078200692041522	0.5078200692041522	0.5889734717416378	0.5865513264129182
0.0014176183604127422	0.0021123323938842444	0.4074970310111582	0.4211333953346778	0.4177927639676168	0.4638384783698505	0.34001507565866756	0.3644938307637308	0.23827317433401599	0.28453769383649447	0.1772318339100346	0.1772318339100346	0.3898961937716263	0.3898961937716263	0.44871972318339104	0.44871972318339104	0.5080968858131487	0.5080968858131487	0.5899192618223761	0.5871510957324106
0.0015415891573202873	0.002235817901177949	0.4091997880787112	0.42455340157276655	0.4189617875761051	0.46749796429398527	0.34444638929621746	0.36855212643099694	0.2429194173247447	0.28932635380580113	0.17806228373702424	0.17806228373702424	0.3901038062283737	0.3901038062283737	0.4489273356401384	0.4489273356401384	0.5083737024221453	0.5083737024221453	0.5908650519031142	0.5877508650519031
0.0016670551416427663	0.0023647974966444817	0.4108026190961922	0.42763325997337953	0.42004169145807013	0.4707408021284142	0.34852764998363067	0.3722042246919243	0.24667632737085166	0.2936704949278758	0.17889273356401383	0.17889273356401383	0.3903114186851211	0.3903114186851211	0.4491349480968858	0.4491349480968858	0.5086505190311419	0.5086505190311419	0.5918108419838524	0.5883506343713957
0.001790341785696578	0.002498920918063066	0.4123871490139234	0.430387930157609	0.4211368882911827	0.47362326795080606	0.3523318319006268	0.3754962218820371	0.24951030649917616	0.29750512944146923	0.17972318339100346	0.17972318339100346	0.39051903114186853	0.39051903114186853	0.44934256055363325	0.44934256055363325	0.5089273356401384	0.5089273356401384	0.5927566320645906	0.5889504036908881
0.0019076822327308994	0.0026369088618598676	0.41403140174409775	0.43281625307732674	0.4223282914992377	0.47616648578516885	0.35583374330318823	0.378454815183263	0.2515999013642347	0.3009111339360857	0.1805536332179931	0.1805536332179931	0.3907266435986159	0.3907266435986159	0.44955017301038064	0.44955017301038064	0.509204152249135	0.509204152249135	0.5937024221453288	0.5895501730103807
0.0020158518868148047	0.00277747748927955	0.41579255344505867	0.4349887864554089	0.42370711540179923	0.4783567438329578	0.35910927520301344	0.38108945106589137	0.25293255068306036	0.3039078137747192	0.1813840830449827	0.1813840830449827	0.3909342560553633	0.3909342560553633	0.449757785467128	0.449757785467128	0.5094809688581314	0.5094809688581314	0.5946482122260669	0.5901499423298732
0.0021100819503569682	0.0029190396452438653	0.41773271452132166	0.4369292546693693	0.4253044188547324	0.4802733695122639	0.36215821971183276	0.38337115173837694	0.2536283230282733	0.30646904383994966	0.1822145328719723	0.1822145328719723	0.39114186851211075	0.39114186851211075	0.44996539792387547	0.44996539792387547	0.509757785467128	0.509757785467128	0.5955940023068051	0.5907497116493656
0.002189515838900533	0.0030599718955186934	0.41984880875548897	0.4386293552281501	0.42714546470738735	0.48194137063602366	0.3650030785051737	0.38536664115322644	0.25376745531974376	0.3086876068656611	0.18304498269896194	0.18304498269896194	0.39134948096885813	0.39134948096885813	0.45017301038062285	0.45017301038062285	0.5100346020761245	0.5100346020761245	0.5965397923875433	0.5913494809688582
0.0022517668563344917	0.0031982413299205103	0.42217135420901963	0.4401417757956737	0.4292617100080739	0.48336310958680034	0.3676757754890978	0.38709160130235504	0.253381113180122	0.3105575169146822	0.18387543252595157	0.18387543252595157	0.3915570934256055	0.3915570934256055	0.45038062283737024	0.45038062283737024	0.5103114186851211	0.5103114186851211	0.5974855824682814	0.5919492502883507
0.0022959384776406926	0.0033326866878493405	0.4246748099871085	0.44149006276155817	0.4315980984713679	0.4845734660323878	0.3701620992588706	0.3885463216671107	0.25260139679413995	0.31211323359067494	0.1847058823529412	0.1847058823529412	0.39176470588235296	0.39176470588235296	0.4505882352941177	0.4505882352941177	0.5105882352941177	0.5105882352941177	0.5984313725490197	0.5925490196078432
0.002324179805863011	0.0034607060951701986	0.4273233094070498	0.4426778202644616	0.4341495615640911	0.48560954928427497	0.3725056907953787	0.3897398280311242	0.2514551890293959	0.3134146487608861	0.1855363321799308	0.1855363321799308	0.39197231833910035	0.39197231833910035	0.45079584775086506	0.45079584775086506	0.5108650519031142	0.5108650519031142	0.5993771626297578	0.5931487889273357
0.0023367942826986107	0.0035820701533228914	0.43009021917031004	0.44372503783313416	0.4368424942065231	0.4864886143092607	0.3746968958242225	0.3907154532801493	0.2500408567128353	0.3144528050863757	0.18636678200692042	0.18636678200692042	0.39217993079584773	0.39217993079584773	0.45100346020761245	0.45100346020761245	0.5111418685121107	0.5111418685121107	0.600322952710496	0.5937485582468282
0.002337781976161521	0.003694399892783534	0.43290239377745676	0.4446569087096056	0.4396099470906972	0.4872114651570417	0.37675639055900556	0.3914887895666935	0.24842086420601298	0.31529177495657534	0.18719723183391004	0.18719723183391004	0.3923875432525952	0.3923875432525952	0.4512110726643599	0.4512110726643599	0.5114186851211072	0.5114186851211072	0.6012687427912342	0.5943483275663207
0.0023308694466611978	0.003797892571659251	0.43569811496152905	0.4454810833153629	0.44237291685692515	0.48781877992372824	0.3786964648727401	0.3920544919016586	0.24664988950107794	0.31595918103381393	0.18802768166089967	0.18802768166089967	0.39259515570934256	0.39259515570934256	0.4514186851211073	0.4514186851211073	0.5116955017301038	0.5116955017301038	0.6022145328719724	0.5949480968858132
0.002319873341556198	0.003891156535189899	0.4384056821847265	0.44619852089632617	0.4450519636200709	0.48832522834223674	0.3805151556451708	0.3924416070845714	0.24479957522830473	0.31646391438917104	0.18885813148788927	0.18885813148788927	0.39280276816609	0.39280276816609	0.4516262975778547	0.4516262975778547	0.5119723183391003	0.5119723183391003	0.6031603229527105	0.5955478662053056
0.0023098677018576997	0.003974487081783449	0.4409682064086322	0.44683256359034884	0.4475392601706181	0.4887362601335723	0.3822397823635932	0.392674231233793	0.24291562498882197	0.31685534679934335	0.1896885813148789	0.1896885813148789	0.3930103806228374	0.3930103806228374	0.4518339100346021	0.4518339100346021	0.5122491349480969	0.5122491349480969	0.6041061130334487	0.5961476355247982
0.002305070879298436	0.004047795077946529	0.44327399745209045	0.44739051146837655	0.4497674914502814	0.4890692263724124	0.38386454397925057	0.3927654147520735	0.24104853233290066	0.31714453469950066	0.19051903114186852	0.19051903114186852	0.39321799307958477	0.39321799307958477	0.4520415224913495	0.4520415224913495	0.5125259515570934	0.5125259515570934	0.6050519031141869	0.5967474048442907
0.0023104111595551556	0.004111328195172486	0.44530861085700957	0.44786871040288645	0.45166617928899805	0.4893412998223585	0.38541160810396397	0.3927071198603751	0.23923380263210386	0.31735254794163686	0.19134948096885812	0.19134948096885812	0.3934256055363322	0.3934256055363322	0.45224913494809693	0.45224913494809693	0.5128027681660899	0.5128027681660899	0.605997693194925	0.5973471741637832
0.0023283519058496247	0.004166242853193169	0.4469925909674052	0.44828370677653256	0.4531238313610245	0.4895618320234314	0.3868872338591711	0.3925340423391448	0.23750804359779784	0.31750232372178067	0.19217993079584775	0.19217993079584775	0.3936332179930796	0.3936332179930796	0.4524567474048443	0.4524567474048443	0.5130795847750865	0.5130795847750865	0.6069434832756633	0.5979469434832757
0.002362924203088145	0.004212784654039895	0.44827851419595904	0.44864299806867364	0.4541572071029464	0.4897353872680267	0.3882975413446093	0.3922569386350128	0.23588052580831134	0.31759789176823855	0.19301038062283737	0.19301038062283737	0.393840830449827	0.393840830449827	0.4526643598615917	0.4526643598615917	0.513356401384083	0.513356401384083	0.6078892733564014	0.5985467128027682
0.0024155462409497586	0.004253033150892827	0.44918451742590165	0.4489479546625619	0.45466337241559346	0.48987834009633613	0.3896571971328157	0.3918811620844469	0.23437669149272994	0.3176551720888549	0.193840830449827	0.193840830449827	0.3940484429065744	0.3940484429065744	0.45287197231833914	0.45287197231833914	0.5136332179930796	0.5136332179930796	0.6088350634371396	0.5991464821222607
0.0024860250900408183	0.004287509866737071	0.44962377248123425	0.4492063568012603	0.4546710522983238	0.4899985734570971	0.3909612374117153	0.39141090298562	0.23298658381819543	0.31767936211017705	0.1946712802768166	0.1946712802768166	0.3942560553633218	0.3942560553633218	0.45307958477508653	0.45307958477508653	0.5139100346020761	0.5139100346020761	0.6097808535178778	0.5997462514417532
0.0025766077840710952	0.004318688032335309	0.44967386339242027	0.4494285244707537	0.4541932658222219	0.49010271823696444	0.39222193567554114	0.39086559925220377	0.23170709786502616	0.3176685432609983	0.19550173010380623	0.19550173010380623	0.3944636678200692	0.3944636678200692	0.4532871972318339	0.4532871972318339	0.5141868512110727	0.5141868512110727	0.610726643598616	0.6003460207612458
0.0026838437310653983	0.004348015406718751	0.449335230624416	0.4496199036712183	0.45319832319222325	0.4901996975686866	0.3934340646548166	0.39025259093671844	0.2305287617040938	0.31762713025570444	0.19633217993079585	0.19633217993079585	0.39467128027681664	0.39467128027681664	0.45349480968858136	0.45349480968858136	0.5144636678200691	0.5144636678200691	0.6116724336793541	0.6009457900807382
0.002806268742319265	0.004377847340239648	0.4486286605871148	0.4497857193210437	0.45180453248637903	0.49029711002986553	0.39459500726089153	0.38957303977791186	0.22942415627532667	0.31754772716305063	0.19716262975778548	0.19716262975778548	0.394878892733564	0.394878892733564	0.45370242214532874	0.45370242214532874	0.5147404844290657	0.5147404844290657	0.6126182237600923	0.6015455594002307
0.0029419453393710474	0.00441069094630553	0.44764819078228196	0.44993696307952724	0.4500159076806117	0.49040133861569374	0.3957023972444596	0.3888364644133543	0.22837953461583652	0.31742358425306594	0.19799307958477508	0.19799307958477508	0.3950865051903114	0.3950865051903114	0.45391003460207613	0.45391003460207613	0.5150173010380623	0.5150173010380623	0.6135640138408305	0.6021453287197233
0.0030863800023039393	0.00444907813653008	0.44641729106160555	0.4500804727229773	0.44793842982426396	0.49052108149333434	0.39673639657065757	0.38805296320395144	0.22736431740897442	0.3172510240538618	0.1988235294117647	0.1988235294117647	0.39529411764705885	0.39529411764705885	0.45411764705882357	0.45411764705882357	0.5152941176470588	0.5152941176470588	0.6145098039215686	0.6027450980392157
0.003236707538321979	0.004496092259732926	0.4450374636227781	0.4502239965975728	0.44565958910986275	0.4906600874841347	0.397697983566609	0.387228127479724	0.22635822549236223	0.31700935288961796	0.19965397923875433	0.19965397923875433	0.39550173010380624	0.39550173010380624	0.45432525951557096	0.45432525951557096	0.5155709342560554	0.5155709342560554	0.6154555940023069	0.6033448673587082
0.003388846644617412	0.004555108728734789	0.4435810619122185	0.4503752283238486	0.44325659284044383	0.4908229775299113	0.398561015488626	0.38636258189965433	0.22533921457349607	0.31669526543580145	0.20048442906574396	0.20048442906574396	0.3957093425605536	0.3957093425605536	0.45453287197231834	0.45453287197231834	0.5158477508650519	0.5158477508650519	0.616401384083045	0.6039446366782008
0.003539391394496495	0.00462890340247751	0.44212750679474105	0.4505402855392621	0.44083788807208335	0.4910170554157854	0.3993177368978664	0.38546743204916184	0.224294063269655	0.31629673002817194	0.20131487889273356	0.20131487889273356	0.39591695501730106	0.39591695501730106	0.4547404844290658	0.4547404844290658	0.5161245674740484	0.5161245674740484	0.6173471741637832	0.6045444059976932
0.0036844286283903107	0.004722393679241673	0.4407485994166616	0.450727188201943	0.43850107633301383	0.49124538898136666	0.3999543739216861	0.38454868267465464	0.22320690623279035	0.31578743951473526	0.20214532871972318	0.20214532871972318	0.39612456747404845	0.39612456747404845	0.45494809688581317	0.45494809688581317	0.5164013840830449	0.5164013840830449	0.6182929642445214	0.6051441753171858
0.00382133998110792	0.004836807518125252	0.43953246568800947	0.4509415046803229	0.43632758666421273	0.49150800478754436	0.4004427894055353	0.38361139433214014	0.2220782863592813	0.3151715357436585	0.2029757785467128	0.2029757785467128	0.39633217993079584	0.39633217993079584	0.45515570934256055	0.45515570934256055	0.5166782006920415	0.5166782006920415	0.6192387543252595	0.6057439446366782
0.003947885966809163	0.0049791680286201834	0.4385270494179939	0.45118505384414037	0.43438694830416313	0.49180676884354735	0.4007919908264993	0.38266103277615776	0.22090727655495102	0.3144247345944446	0.20380622837370244	0.20380622837370244	0.3965397923875433	0.3965397923875433	0.455363321799308	0.455363321799308	0.516955017301038	0.516955017301038	0.6201845444059977	0.6063437139561707
0.004060767351029629	0.005148048773877647	0.43777343794233464	0.45146168457548086	0.43278150758564016	0.4921476762882207	0.400963952618596	0.3817059044949902	0.21970065977552608	0.31353517758300137	0.20463667820069203	0.20463667820069203	0.39674740484429066	0.39674740484429066	0.4555709342560554	0.4555709342560554	0.5172318339100346	0.5172318339100346	0.6211303344867359	0.6069434832756633
0.004160230575052281	0.005351772579987067	0.4373454018851538	0.45177680337307013	0.4315058220281477	0.4925238327072606	0.4009740145731611	0.3807522653260868	0.21847184025849778	0.3125071167589441	0.20546712802768166	0.20546712802768166	0.39695501730103805	0.39695501730103805	0.45577854671280277	0.45577854671280277	0.5175086505190312	0.5175086505190312	0.6220761245674741	0.6075432525951557
0.004244748144363415	0.005586977161854978	0.43721000062194515	0.4521253886497702	0.4306411624130814	0.49293345556926865	0.40080980670797656	0.3798080506017066	0.21723404822798528	0.31130603658065564	0.2062975778546713	0.2062975778546713	0.3971626297577855	0.3971626297577855	0.4559861591695502	0.4559861591695502	0.5177854671280276	0.5177854671280276	0.6230219146482122	0.6081430219146483
0.004314100063763434	0.005859657532617425	0.43740719584340204	0.45250615206685496	0.43016967002664075	0.49337662983452013	0.40046499395107543	0.3788817438093669	0.2160050521329349	0.30994670025770865	0.2071280276816609	0.2071280276816609	0.3973702422145329	0.3973702422145329	0.4561937716262976	0.4561937716262976	0.5180622837370242	0.5180622837370242	0.6239677047289505	0.6087427912341408
0.004370059366495749	0.006166831028123542	0.4379050770266198	0.45292089270490915	0.4300722515184504	0.49384801119828936	0.3999644011924772	0.3779798449450422	0.21480153821216827	0.3084247365128613	0.2079584775086505	0.2079584775086505	0.39757785467128026	0.39757785467128026	0.456401384083045	0.456401384083045	0.5183391003460207	0.5183391003460207	0.6249134948096886	0.6093425605536332
0.00441255508734977	0.006510216688697535	0.4386550796381431	0.45336127833325024	0.4303705686387302	0.4943405699782251	0.3992826140215714	0.3771099791649912	0.21364051932958245	0.3067158876301374	0.20878892733564014	0.20878892733564014	0.3977854671280277	0.3977854671280277	0.4566089965397924	0.4566089965397924	0.5186159169550173	0.5186159169550173	0.6258592848904267	0.6099423298731258
0.004444545176499764	0.0068872406800494085	0.4396492247223705	0.45382176922949485	0.4309629275389883	0.4948490764582569	0.3984626246922233	0.3762868907072011	0.21252990284272802	0.3048487823395494	0.20961937716262977	0.20961937716262977	0.3979930795847751	0.3979930795847751	0.4568166089965398	0.4568166089965398	0.5188927335640138	0.5188927335640138	0.626805074971165	0.6105420991926183
0.004468562699386152	0.007295086460710101	0.4407887573937496	0.4542976596351034	0.43183137562808904	0.49536804302426374	0.39750170455622597	0.37551567594507895	0.2114884769759164	0.30280949862536105	0.2104498269896194	0.2104498269896194	0.3982006920415225	0.3982006920415225	0.4570242214532872	0.4570242214532872	0.5191695501730104	0.5191695501730104	0.6277508650519031	0.6111418685121107
0.0044870271572263285	0.007731278823033461	0.4420194780554102	0.45478127551586917	0.43288880453290945	0.4958886794181142	0.39641890033953686	0.37480324767214396	0.21051032728207875	0.3006042021357011	0.211280276816609	0.211280276816609	0.3984083044982699	0.3984083044982699	0.45723183391003464	0.45723183391003464	0.5194463667820068	0.5194463667820068	0.6286966551326413	0.6117416378316033
0.004504017825520158	0.008189508504265497	0.4432622264485461	0.45526498303024315	0.4340573824843728	0.4964044240621486	0.39523743205908757	0.3741594781352993	0.20960003150056872	0.2982560533140044	0.21211072664359862	0.21211072664359862	0.3986159169550173	0.3986159169550173	0.457439446366782	0.457439446366782	0.5197231833910034	0.5197231833910034	0.6296424452133795	0.6123414071510958
0.00452288418648949	0.008666853918599771	0.4444450492989906	0.455741824315445	0.43526432532784987	0.4969068207448205	0.39395983720527156	0.3736044313367413	0.20875012829406997	0.29575105416489467	0.21294117647058824	0.21294117647058824	0.3988235294117647	0.3988235294117647	0.4576470588235294	0.4576470588235294	0.52	0.52	0.6305882352941177	0.6129411764705883
0.004547880937035314	0.009155705379747081	0.4454649638063899	0.45620287804773657	0.4364296303028306	0.49738839630854015	0.39261657643317904	0.37313539834778464	0.20794635860782604	0.293120726341453	0.21377162629757784	0.21377162629757784	0.39903114186851213	0.39903114186851213	0.45785467128027685	0.45785467128027685	0.5202768166089965	0.5202768166089965	0.6315340253748558	0.6135409457900808
0.004581919163198278	0.009652176179880923	0.44627968802476575	0.4566437790059449	0.4374698089746974	0.4978442095735789	0.39121206255154684	0.37276021338704846	0.2071770687511363	0.29037798289806344	0.21460207612456747	0.21460207612456747	0.3992387543252595	0.3992387543252595	0.45806228373702423	0.45806228373702423	0.5205536332179931	0.5205536332179931	0.6324798154555941	0.6141407151095732
0.0046293876728861994	0.01014996930897137	0.4468088559626313	0.4570596281111119	0.4383278346528528	0.49826838439516064	0.389762932051713	0.37249431289039203	0.2064177903769667	0.287525340809066	0.2154325259515571	0.2154325259515571	0.3994463667820069	0.3994463667820069	0.4582698961937716	0.4582698961937716	0.5208304498269896	0.5208304498269896	0.6334256055363322	0.6147404844290658
0.004692836719252955	0.010644411142653623	0.44698804507204365	0.45744124943332387	0.4389612330594999	0.49864955197795674	0.38827837371730756	0.3723491576250555	0.2056470127193531	0.2845956328961424	0.2162629757785467	0.2162629757785467	0.39965397923875434	0.39965397923875434	0.45847750865051906	0.45847750865051906	0.5211072664359861	0.5211072664359861	0.6343713956170703	0.6153402537485583
0.0047735499423765485	0.011132019521005924	0.4468206005697285	0.45778941440405024	0.4392948990950671	0.4989894648083441	0.3867621978378547	0.3723203171596134	0.20483887947672735	0.28159876875327294	0.21709342560553632	0.21709342560553632	0.39986159169550173	0.39986159169550173	0.45868512110726645	0.45868512110726645	0.5213840830449826	0.5213840830449826	0.6353171856978086	0.6159400230680508
0.004875756988995882	0.01160942449341112	0.446214263195845	0.45810355418093246	0.4393562254401884	0.49928507688223983	0.38522262371905125	0.3724131486159103	0.20397369850396951	0.27855424918345284	0.21792387543252595	0.21792387543252595	0.4000692041522491	0.4000692041522491	0.45889273356401383	0.45889273356401383	0.5216608996539792	0.5216608996539792	0.6362629757785467	0.6165397923875433
0.0049975941645196125	0.012075479234327184	0.445223405180474	0.4583802864420432	0.43910376883958147	0.49952928199729874	0.38365698885682237	0.3726486176334107	0.20301810099193257	0.2754838135927591	0.21875432525951558	0.21875432525951558	0.40027681660899656	0.40027681660899656	0.4591003460207613	0.4591003460207613	0.5219377162629757	0.5219377162629757	0.6372087658592849	0.6171395617070358
0.005139580385374353	0.012529823257831247	0.4438427496001441	0.45862152781002125	0.4385711841707297	0.49972154040247807	0.3820686912078612	0.3730208244473941	0.2019657651951297	0.272403892372704	0.2195847750865052	0.2195847750865052	0.40048442906574394	0.40048442906574394	0.45930795847750866	0.45930795847750866	0.5222145328719723	0.5222145328719723	0.6381545559400231	0.6177393310265283
0.005301999905327768	0.012973313868866104	0.44207418591062825	0.45883305360049376	0.4378006207103346	0.4998652571458814	0.3804549784729341	0.3735256747551985	0.2007924752787316	0.2693337500738372	0.2204152249134948	0.2204152249134948	0.4006920415224913	0.4006920415224913	0.45951557093425605	0.45951557093425605	0.5224913494809689	0.5224913494809689	0.6391003460207613	0.6183391003460208
0.0054813070899572755	0.01340863967988824	0.4400074636696148	0.4590179220440811	0.43681023260637336	0.49996025755154766	0.37881314119134135	0.3741647513147602	0.19949400641799644	0.26628962761086983	0.22124567474048443	0.22124567474048443	0.40089965397923877	0.40089965397923877	0.4597231833910035	0.4597231833910035	0.5227681660899653	0.5227681660899653	0.6400461361014994	0.6189388696655134
0.005676825677864381	0.013838518636216324	0.43765437420172426	0.45917948719897206	0.43569304618890836	0.5	0.37714480671339107	0.3749597999752805	0.1980740353076813	0.2632936825521868	0.22207612456747405	0.22207612456747405	0.40110726643598615	0.40110726643598615	0.4599307958477509	0.4599307958477509	0.5230449826989619	0.5230449826989619	0.6409919261822377	0.6195386389850058
0.0058857604619639925	0.014267057856488763	0.43511113737812585	0.45932724996317004	0.4345067274561877	0.4999941612302985	0.3754429587990605	0.37588600469262845	0.19652496788888518	0.26035326305526835	0.22290657439446365	0.22290657439446365	0.40131487889273354	0.40131487889273354	0.46013840830449826	0.46013840830449826	0.5233217993079584	0.5233217993079584	0.6419377162629758	0.6201384083044983
0.0061053125288068515	0.014698678240029987	0.43244890165085714	0.45946743270155627	0.4333336852524662	0.49994439089056414	0.3737141540809688	0.37694015993658214	0.194875772678748	0.2574882987012929	0.22373702422145328	0.22373702422145328	0.401522491349481	0.401522491349481	0.4603460207612457	0.4603460207612457	0.523598615916955	0.523598615916955	0.6428835063437139	0.6207381776239909
0.006334845559657553	0.015136560924057463	0.4297415079725122	0.4596074317753364	0.4322485195872579	0.4998483366246824	0.37195721052187586	0.37812456668369604	0.19313494741694467	0.25471138088398254	0.2245674740484429	0.2245674740484429	0.40173010380622837	0.40173010380622837	0.4605536332179931	0.4605536332179931	0.5238754325259515	0.5238754325259515	0.6438292964244522	0.6213379469434833
0.006572318445533526	0.015585531223368957	0.4270706993251771	0.4597549226231964	0.4313539946745802	0.49970871854934823	0.37017719184575376	0.37943905964698277	0.19133294546989021	0.2520235987759631	0.22539792387543253	0.22539792387543253	0.4019377162629758	0.4019377162629758	0.4607612456747405	0.4607612456747405	0.5241522491349481	0.5241522491349481	0.6447750865051903	0.6219377162629758
0.006817771698951186	0.016046596788517494	0.4245239461931143	0.4599161407421829	0.4306887111232724	0.49953015055465344	0.3683811900864673	0.3808617971503896	0.18949647421920474	0.24945051427376225	0.22622837370242216	0.22622837370242216	0.4021453287197232	0.4021453287197232	0.4609688581314879	0.4609688581314879	0.5244290657439447	0.5244290657439447	0.6457208765859285	0.6225374855824684
0.00707335946742277	0.01652238587372159	0.4221639222776618	0.46009929012528417	0.4303506300673273	0.499313040248986	0.36657574540983573	0.3823841447212464	0.1876551305185684	0.24698463056500794	0.22705882352941176	0.22705882352941176	0.4023529411764706	0.4023529411764706	0.4611764705882353	0.4611764705882353	0.5247058823529411	0.5247058823529411	0.6466666666666667	0.6231372549019608
0.007340609370682112	0.017011681959794803	0.42004042728677476	0.46031032866685206	0.4303743494532938	0.49905123547309455	0.36477129803584035	0.3840050978708023	0.18583653353799925	0.24463044009268206	0.22788927335640138	0.22788927335640138	0.402560553633218	0.402560553633218	0.46138408304498274	0.46138408304498274	0.5249826989619377	0.5249826989619377	0.6476124567474049	0.6237370242214534
0.00762434845367959	0.017513169604740666	0.4182471097649067	0.4605513121148968	0.4307742564495087	0.49875048604840444	0.3629794311159613	0.3857073246273135	0.1840702698923597	0.2424062847541049	0.228719723183391	0.228719723183391	0.4027681660899654	0.4027681660899654	0.4615916955017301	0.4615916955017301	0.5252595155709342	0.5252595155709342	0.648558246828143	0.6243367935409458
0.007930636500845443	0.018023151820765828	0.41676524308427515	0.46082640170170225	0.43163086459954814	0.4984091927954692	0.3612099833122741	0.38747315294838325	0.18237562060531154	0.24029345516402079	0.2295501730103806	0.2295501730103806	0.4029757785467128	0.4029757785467128	0.4617993079584775	0.4617993079584775	0.5255363321799308	0.5255363321799308	0.6495040369088813	0.6249365628604383
0.008263854304796227	0.01853666087047797	0.41565539249619127	0.4611417528725145	0.43286876066860003	0.4980203347822274	0.35947376465890823	0.3892897787857751	0.18076636092907897	0.23830305311006134	0.23038062283737024	0.23038062283737024	0.40318339100346023	0.40318339100346023	0.46200692041522495	0.46200692041522495	0.5258131487889273	0.5258131487889273	0.6504498269896194	0.6255363321799309
0.008634859413758664	0.019047021902087357	0.4149116082402704	0.4614925924294947	0.43451819350028775	0.4975805315710067	0.35778461921179966	0.39114757345593093	0.17926015723531288	0.2364323138993185	0.23121107266435986	0.23121107266435986	0.4033910034602076	0.4033910034602076	0.46221453287197234	0.46221453287197234	0.5260899653979239	0.5260899653979239	0.6513956170703575	0.6261361014994233
0.009048590134318043	0.01954804276303684	0.41449682971848156	0.4618782255135401	0.4365213503757191	0.49708910725521777	0.3561444338060184	0.3930248280482687	0.17784684965167577	0.23466611673280763	0.2320415224913495	0.2320415224913495	0.403598615916955	0.403598615916955	0.4624221453287197	0.4624221453287197	0.5263667820069203	0.5263667820069203	0.6523414071510958	0.6267358708189159
0.009510532789756374	0.020029481013906503	0.4144507183035323	0.46230182194138203	0.4388080800498007	0.4965406497063134	0.35457102369474747	0.3949067058276956	0.17653273528605162	0.23301711578627654	0.2328719723183391	0.2328719723183391	0.40380622837370245	0.40380622837370245	0.46262975778546717	0.46262975778546717	0.5266435986159169	0.5266435986159169	0.6532871972318339	0.6273356401384084
0.010033528217389454	0.02048729187752024	0.4146739907066889	0.46275582051140884	0.4413477601730821	0.4959183681581443	0.3530602063082533	0.3967774577421581	0.17529773425511963	0.23146446064487364	0.23370242214532871	0.23370242214532871	0.40401384083044983	0.40401384083044983	0.46283737024221455	0.46283737024221455	0.5269204152249135	0.5269204152249135	0.6542329873125721	0.6279354094579008
0.010614883441011566	0.02090874097976619	0.4151488623490896	0.4632357209875627	0.4440235254188726	0.4952264232623094	0.3516195817454723	0.3986173474431392	0.17412603748751643	0.23000124138380568	0.23453287197231834	0.23453287197231834	0.4042214532871972	0.4042214532871972	0.46304498269896194	0.46304498269896194	0.52719723183391	0.52719723183391	0.6551787773933103	0.6285351787773934
0.011260504887487692	0.02129310578099671	0.4158219103999976	0.463739076264843	0.44676368984329945	0.494458749629882	0.35025201096780845	0.400413767896421	0.1729974098507084	0.22863012632999533	0.23536332179930797	0.23536332179930797	0.40442906574394466	0.40442906574394466	0.4632525951557094	0.4632525951557094	0.5274740484429066	0.5274740484429066	0.6561245674740485	0.6291349480968859
0.011972917458967813	0.021630087210960703	0.41662108408555065	0.46426026777348367	0.4494752123460411	0.4936006928692438	0.34894922216239505	0.4021525898085205	0.1718839051819028	0.22732848518251658	0.23619377162629757	0.23619377162629757	0.40463667820069205	0.40463667820069205	0.46346020761245676	0.46346020761245676	0.527750865051903	0.527750865051903	0.6570703575547866	0.6297347174163783
0.012744802651412188	0.021920431399895034	0.4175055932285639	0.464792870285381	0.452078481689797	0.49264655554989867	0.3477228770843142	0.4038119621167937	0.1707590618492119	0.22609403281902968	0.2370242214532872	0.2370242214532872	0.40484429065743943	0.40484429065743943	0.46366782006920415	0.46366782006920415	0.5280276816608996	0.5280276816608996	0.6580161476355249	0.6303344867358709
0.013577809044020386	0.02216010527523658	0.41840840259562023	0.4653325838367895	0.4544616117312298	0.49159821466463727	0.34655630496560447	0.40537733056391034	0.16959650370125695	0.22491629159796098	0.23785467128027682	0.23785467128027682	0.4050519031141869	0.4050519031141869	0.4638754325259516	0.4638754325259516	0.5283044982698961	0.5283044982698961	0.658961937716263	0.6309342560553634
0.01446194282273984	0.02235093499150758	0.4192826686063757	0.46587500331337883	0.45659238546762393	0.49045064891633017	0.3454539939972937	0.4068425248677685	0.1683721547205405	0.22378057779812485	0.23868512110726642	0.23868512110726642	0.40525951557093426	0.40525951557093426	0.464083044982699	0.464083044982699	0.5285813148788927	0.5285813148788927	0.6599077277970011	0.6315340253748559
0.015387687266639197	0.022496515153837143	0.4200835857980892	0.46641594472057474	0.4583770302381146	0.48918293552759384	0.344410173494028	0.40819631665996975	0.16705762119829823	0.22268305302936406	0.23951557093425607	0.23951557093425607	0.40546712802768164	0.40546712802768164	0.46429065743944636	0.46429065743944636	0.5288581314878893	0.5288581314878893	0.6608535178777394	0.6321337946943484
0.01634990773630673	0.022600050727643123	0.4207917980939752	0.4669528073604289	0.4597852785107464	0.4878106710144638	0.3434193280789919	0.4094088304919072	0.16564521270328694	0.22160922613374157	0.24034602076124567	0.24034602076124567	0.4056747404844291	0.4056747404844291	0.4644982698961938	0.4644982698961938	0.5291349480968858	0.5291349480968858	0.6617993079584775	0.6327335640138408
0.017333035157932195	0.02267160721791828	0.4213709824813608	0.46748268422336053	0.4608180677301116	0.48633329393429253	0.3424871678070228	0.41048467568435776	0.16410576886980568	0.2205502449799368	0.2411764705882353	0.2411764705882353	0.40588235294117647	0.40588235294117647	0.4647058823529412	0.4647058823529412	0.5294117647058824	0.5294117647058824	0.6627450980392157	0.6333333333333334
0.018327421346114085	0.022716978239754788	0.42183308989506973	0.4680054751657709	0.46140331413205943	0.4847416983132083	0.34160392452135263	0.4114193263736247	0.16244356509072294	0.21949782396145007	0.24200692041522492	0.24200692041522492	0.40608996539792386	0.40608996539792386	0.4649134948096886	0.4649134948096886	0.5296885813148788	0.5296885813148788	0.6636908881199539	0.6339331026528259
0.019320523185690275	0.02274930608386484	0.4221846741938916	0.46852159319929104	0.4616300435460801	0.4830403106420653	0.3407789080857261	0.41220197131626435	0.16065112531810868	0.2184427552599534	0.24283737024221452	0.24283737024221452	0.4062975778546713	0.4062975778546713	0.465121107266436	0.465121107266436	0.5299653979238754	0.5299653979238754	0.664636678200692	0.6345328719723184
0.02030132882372187	0.022779072029925306	0.4224409986998748	0.46903173205360127	0.4614876884934536	0.4812421817948508	0.3400090343697753	0.41280774374268075	0.15872525715056998	0.21737676850482754	0.24366782006920415	0.24366782006920415	0.4065051903114187	0.4065051903114187	0.4653287197231834	0.4653287197231834	0.5302422145328719	0.5302422145328719	0.6655824682814302	0.6351326412918109
0.021257151692197312	0.02281855678014542	0.4226474130067141	0.4695382746165905	0.46104119762689477	0.4793525180171816	0.33929861244428594	0.41325497465979	0.15668501815244068	0.21629241482202383	0.24449826989619378	0.24449826989619378	0.40671280276816607	0.40671280276816607	0.4655363321799308	0.4655363321799308	0.5305190311418685	0.5305190311418685	0.6665282583621684	0.6357324106113034
0.022176954771523417	0.022882963491878922	0.4228453133732732	0.47004430577052086	0.4603722543739355	0.47736563830719386	0.33865727062819767	0.4135409473070562	0.1545254765366083	0.21518569396393994	0.24532871972318337	0.24532871972318337	0.4069204152249135	0.4069204152249135	0.46574394463667823	0.46574394463667823	0.530795847750865	0.530795847750865	0.6674740484429066	0.6363321799307959
0.02305367306100822	0.022983021736281126	0.423088056928419	0.4705530209357692	0.45953009655257965	0.47530602889682405	0.33808058250158474	0.4136509004030669	0.15227532801531463	0.21404657445117367	0.246159169550173	0.246159169550173	0.4071280276816609	0.4071280276816609	0.4659515570934256	0.4659515570934256	0.5310726643598616	0.5310726643598616	0.6684198385236447	0.6369319492502884
0.0238714071631058	0.023134996729014128	0.4234290902237155	0.4710689539566392	0.458626183409939	0.4731835853965206	0.3375876142682583	0.41358206886274707	0.14994619850791174	0.21287465084749244	0.24698961937716263	0.24698961937716263	0.4073356401384083	0.4073356401384083	0.466159169550173	0.466159169550173	0.5313494809688581	0.5313494809688581	0.669365628604383	0.6375317185697809
0.02462858172375269	0.023350686720070506	0.42394714674639017	0.4715947322831577	0.4577451867141044	0.4710053284070065	0.33717088139856954	0.413350830644033	0.14755674462062535	0.21166675987520833	0.24782006920415223	0.24782006920415223	0.4075432525951557	0.4075432525951557	0.46636678200692044	0.46636678200692044	0.5316262975778546	0.5316262975778546	0.6703114186851211	0.6381314878892734
0.02531891775060837	0.023642787292574446	0.42466928213613453	0.47213321175595946	0.45697722731577395	0.4687861301720609	0.3368404136176916	0.4129589891652174	0.14512979918495852	0.21041531355739404	0.24865051903114188	0.24865051903114188	0.4077508650519031	0.4077508650519031	0.46657439446366783	0.46657439446366783	0.5319031141868512	0.5319031141868512	0.6712572087658593	0.6387312572087659
0.025932807416536627	0.024027097585143712	0.42567815400096964	0.4726894106080463	0.45639137365223437	0.4665425336826652	0.33660037122032355	0.41238851984901637	0.1426809502536758	0.20912559559634014	0.24948096885813148	0.24948096885813148	0.4079584775086505	0.4079584775086505	0.4667820069204152	0.4667820069204152	0.5321799307958477	0.5321799307958477	0.6722029988465975	0.6393310265282585
0.026477511241582735	0.02450840151374622	0.42700201680965494	0.47326307867174955	0.4561071222692713	0.4642871439169485	0.3364428246185518	0.4116581869195256	0.1402309676753873	0.20779318722590628	0.2503114186851211	0.2503114186851211	0.40816608996539794	0.40816608996539794	0.46698961937716266	0.46698961937716266	0.5324567474048443	0.5324567474048443	0.6731487889273357	0.6399307958477509
0.026950127026441895	0.02510916465767405	0.4286526813864922	0.4738541838936183	0.4561312767760038	0.46203509840936824	0.3363841289593025	0.4107788829537583	0.13779513682185612	0.20641879127694812	0.25114186851211073	0.25114186851211073	0.4083737024221453	0.4083737024221453	0.46719723183391004	0.46719723183391004	0.5327335640138408	0.5327335640138408	0.6740945790080738	0.6405305651672434
0.027357284671250558	0.02582247456028164	0.43070843610429227	0.4744635159685891	0.4565473082846622	0.4598002828018659	0.33640436426488074	0.4097538744954839	0.13538887003519523	0.20500785723163514	0.25197231833910033	0.25197231833910033	0.4085813148788927	0.4085813148788927	0.46740484429065743	0.46740484429065743	0.5330103806228373	0.5330103806228373	0.675040369088812	0.641130334486736
0.02771199785699622	0.02667930330516213	0.4331043366782179	0.4750885186082889	0.4573715090673903	0.4575948174601803	0.33651009252403685	0.4085684503892135	0.13301985537001	0.20355659020204436	0.25280276816608993	0.25280276816608993	0.40878892733564015	0.40878892733564015	0.46761245674740487	0.46761245674740487	0.5332871972318338	0.5332871972318338	0.6759861591695502	0.6417301038062284
0.028021946624973662	0.02766207346710347	0.4358659666594863	0.47572420438532526	0.4585783083533626	0.4554353295131631	0.3366919087574632	0.4072517994301724	0.13070442555485243	0.20207306006049292	0.2536332179930796	0.2536332179930796	0.40899653979238754	0.40899653979238754	0.46782006920415226	0.46782006920415226	0.5335640138408304	0.5335640138408304	0.6769319492502883	0.642329873125721
0.02830750802745078	0.02879888829610501	0.4389564615339505	0.47636589882375097	0.46022354752944866	0.45333472332015284	0.3369402791922543	0.40580998847482275	0.12844114518942645	0.2005608114838132	0.2544636678200692	0.2544636678200692	0.409204152249135	0.409204152249135	0.4680276816608997	0.4680276816608997	0.533840830449827	0.533840830449827	0.6778777393310266	0.6429296424452134
0.028585330342249995	0.03007330074685966	0.4423047449681988	0.4770064549073179	0.4621976393536729	0.4512991177251896	0.33725617219259935	0.40424193842802886	0.12623798022347543	0.19902088439496635	0.25529411764705884	0.25529411764705884	0.40941176470588236	0.40941176470588236	0.4682352941176471	0.4682352941176471	0.5341176470588235	0.5341176470588235	0.6788235294117647	0.6435294117647059
0.0288771596577952	0.031500887994024694	0.44589589456423206	0.4776379651314255	0.4644844640152183	0.4493378513194087	0.33762210521068925	0.40255016961068546	0.1240966153207375	0.1974620909104991	0.25612456747404844	0.25612456747404844	0.40961937716262975	0.40961937716262975	0.46844290657439447	0.46844290657439447	0.5343944636678201	0.5343944636678201	0.6797693194925029	0.6441291810841985
0.029201200326030474	0.033070662232026135	0.44961697609387524	0.47825241183428935	0.467004745012885	0.4474746711874854	0.33803887214294276	0.4007539305373495	0.12201257145677438	0.19588762228348322	0.2569550173010381	0.2569550173010381	0.40982698961937714	0.40982698961937714	0.46865051903114185	0.46865051903114185	0.5346712802768165	0.5346712802768165	0.6807151095732411	0.6447289504036909
0.029577967173814123	0.034782853723624677	0.45339922735551974	0.4788356422080628	0.4696631746301551	0.44570274105527363	0.33849500211112177	0.3988594226125858	0.11999325898126213	0.1943030315682826	0.2577854671280277	0.2577854671280277	0.4100346020761246	0.4100346020761246	0.4688581314878893	0.4688581314878893	0.5349480968858131	0.5349480968858131	0.6816608996539792	0.6453287197231834
0.03002785786671356	0.03663157691908781	0.4571517676073398	0.4793804078113638	0.4723789067162233	0.44402794311825083	0.33898589603078727	0.39686251297825	0.11802721379461638	0.19271415828952956	0.2586159169550173	0.2586159169550173	0.41024221453287196	0.41024221453287196	0.4690657439446367	0.4690657439446367	0.5352249134948096	0.5352249134948096	0.6826066897347174	0.645928489042676
0.030558589703789996	0.03860248546078292	0.46079540674796077	0.47987835301371495	0.4750478561284616	0.4424652783115226	0.33950939847958517	0.39477580294512793	0.11611656301502774	0.19112608136565365	0.25944636678200694	0.25944636678200694	0.4104498269896194	0.4104498269896194	0.4692733564013841	0.4692733564013841	0.5355017301038062	0.5355017301038062	0.6835524798154556	0.6465282583621684
0.031190387103736873	0.040693142362912875	0.4642076534643964	0.4803143585401191	0.47756392885504395	0.44101894727651364	0.34005836129890915	0.39261006834822554	0.11425701936814912	0.18954358269711855	0.26027681660899654	0.26027681660899654	0.4106574394463668	0.4106574394463668	0.4694809688581315	0.4694809688581315	0.5357785467128028	0.5357785467128028	0.6844982698961938	0.6471280276816609
0.03192439153249688	0.042878165544728584	0.4673405360000244	0.48067826008350356	0.4798327437945107	0.4396829156987078	0.34063573483559717	0.39037065491772877	0.1124429990973732	0.18797084515296372	0.26110726643598614	0.26110726643598614	0.4108650519031142	0.4108650519031142	0.4696885813148789	0.4696885813148789	0.5360553633217993	0.5360553633217993	0.6854440599769319	0.6477277970011535
0.03275943815075246	0.045155921812759965	0.470107968267369	0.48096802202691197	0.4817966524219492	0.43845977848434875	0.34123599127533255	0.3880517000486031	0.1106781020959177	0.18641371506174362	0.2619377162629758	0.2619377162629758	0.4110726643598616	0.4110726643598616	0.46989619377162634	0.46989619377162634	0.5363321799307958	0.5363321799307958	0.6863898500576702	0.6483275663206459
0.033708112760794155	0.04749677336798156	0.4724201321327735	0.48117452212887313	0.48330900065254606	0.4373715000088584	0.34186028121966633	0.3856701336208224	0.10895400657752623	0.18487306164134878	0.2627681660899654	0.2627681660899654	0.411280276816609	0.411280276816609	0.4701038062283737	0.4701038062283737	0.5366089965397923	0.5366089965397923	0.6873356401384083	0.6489273356401385
0.034751357738381186	0.049894202795431844	0.47429053900895873	0.48128139781432083	0.4843946576289758	0.4363986142837066	0.34250783784067923	0.3832307127836179	0.10727399369433084	0.1833533051400428	0.263598615916955	0.263598615916955	0.4114878892733564	0.4114878892733564	0.4703114186851211	0.4703114186851211	0.5368858131487889	0.5368858131487889	0.6882814302191465	0.649527104959631
0.0358867420497974	0.05232333212833602	0.47560984360069825	0.4812983013116673	0.48496577474882435	0.4355413947054896	0.34317510680194996	0.38073529366933545	0.10563676265502475	0.18185637319186143	0.26442906574394465	0.26442906574394465	0.41169550173010383	0.41169550173010383	0.47051903114186855	0.47051903114186855	0.5371626297577854	0.5371626297577854	0.6892272202998847	0.6501268742791235
0.03710795952094864	0.0547712982394936	0.4764278247500237	0.481223671272946	0.48501136925861793	0.434810285908793	0.3438628914231804	0.37818501279458727	0.10404130806729422	0.18038100972849877	0.26525951557093425	0.26525951557093425	0.4119031141868512	0.4119031141868512	0.47072664359861593	0.47072664359861593	0.537439446366782	0.537439446366782	0.6901730103806228	0.650726643598616
0.038397235717451836	0.05722043135716906	0.476748138872406	0.48104342682128	0.4845813576975499	0.4342038316749292	0.34456354779736753	0.37559037698354275	0.102494840981605	0.17893120529084286	0.26608996539792384	0.26608996539792384	0.4121107266435986	0.4121107266435986	0.4709342560553633	0.4709342560553633	0.5377162629757785	0.5377162629757785	0.691118800461361	0.6513264129181084
0.03974972414107719	0.05965673392874085	0.47654756245997837	0.48077148047194085	0.4836068728170887	0.4337104575300442	0.34527227947642225	0.3729551964938576	0.10099326131782245	0.17750312827901216	0.2669204152249135	0.2669204152249135	0.41231833910034604	0.41231833910034604	0.47114186851211076	0.47114186851211076	0.537993079584775	0.537993079584775	0.6920645905420992	0.651926182237601
0.041151965878204355	0.06206688957329185	0.4759414728090053	0.4804143613266559	0.4822285046414137	0.4333285250266783	0.3459802035311019	0.37027984797891206	0.09954406828781773	0.17609531523085234	0.2677508650519031	0.2677508650519031	0.41252595155709343	0.41252595155709343	0.47134948096885815	0.47134948096885815	0.5382698961937716	0.5382698961937716	0.6930103806228374	0.6525259515570935
0.04259319042384277	0.06444143413571118	0.4749327631533521	0.4799702947453045	0.48046495942614825	0.43307465783292026	0.34667716458387426	0.3675700015074147	0.09814746297002695	0.1747078453898086	0.2685813148788927	0.2685813148788927	0.4127335640138408	0.4127335640138408	0.47155709342560553	0.47155709342560553	0.5385467128027681	0.5385467128027681	0.6939561707035755	0.6531257208765859
0.044070223026911964	0.06676885440384753	0.47362449465398254	0.4794474925125845	0.47840095583951014	0.4329258549603337	0.34734773046989054	0.36483210503148594	0.09680352902558673	0.17333464742983895	0.26941176470588235	0.26941176470588235	0.41294117647058826	0.41294117647058826	0.471764705882353	0.471764705882353	0.5388235294117647	0.5388235294117647	0.6949019607843138	0.6537254901960785
0.045573461760647804	0.06904762073581117	0.4721031046320982	0.47886101599338193	0.4761458242524567	0.43287844617748844	0.34798252391289974	0.3620701209563132	0.09551878654029877	0.17197338240040413	0.27024221453287195	0.27024221453287195	0.41314878892733564	0.41314878892733564	0.47197231833910036	0.47197231833910036	0.5391003460207612	0.5391003460207612	0.6958477508650519	0.654325259515571
0.047100666765619914	0.07126620367896398	0.4704359778108661	0.47821786590534626	0.47377247865744476	0.43293653392553816	0.3485581753607911	0.35928574720562556	0.09428509100093051	0.17061949319613298	0.2710726643598616	0.2710726643598616	0.413356401384083	0.413356401384083	0.47217993079584775	0.47217993079584775	0.5393771626297578	0.5393771626297578	0.69679354094579	0.6549250288350634
0.04865248945979932	0.07343154614339986	0.4687315386803352	0.4775229941486618	0.47139787307224346	0.43309354453738413	0.3490652651376205	0.3564867677234047	0.09310546303964419	0.16926789597227077	0.2719031141868512	0.2719031141868512	0.41356401384083047	0.41356401384083047	0.4723875432525952	0.4723875432525952	0.5396539792387542	0.5396539792387542	0.6977393310265283	0.655524798154556
0.050227622963094694	0.0755321747288485	0.4670759239181135	0.4767936898342361	0.46911987255839255	0.4333347564241351	0.34948628953276883	0.3536782638230743	0.091971239007135	0.16791324340325536	0.27273356401384086	0.27273356401384086	0.41377162629757785	0.41377162629757785	0.4725951557093426	0.4725951557093426	0.5399307958477508	0.5399307958477508	0.6986851211072664	0.6561245674740485
0.051830969323157894	0.0775796448611728	0.46555035278816476	0.47603884549225484	0.46703187480654024	0.4336532958376117	0.34980036183141094	0.3508653098905585	0.09087468676348921	0.16655067388216013	0.27356401384083046	0.27356401384083046	0.41397923875432524	0.41397923875432524	0.47280276816608996	0.47280276816608996	0.5402076124567474	0.5402076124567474	0.6996309111880046	0.656724336793541
0.05346709850201976	0.07956788815060228	0.46421126306352983	0.4752655233470372	0.4651881556352786	0.4340524195000575	0.35000940667165853	0.3480544511524088	0.08980763418510473	0.16517527188395395	0.27439446366782005	0.27439446366782005	0.4141868512110727	0.4141868512110727	0.4730103806228374	0.4730103806228374	0.5404844290657439	0.5404844290657439	0.7005767012687428	0.6573241061130335
0.05513893668305725	0.08150617565098137	0.4631632841896695	0.4744847160939611	0.4637186793720112	0.43450960664040134	0.35008003476272576	0.34525198219513464	0.0887546015113144	0.16377938684167023	0.2752249134948097	0.2752249134948097	0.41439446366782007	0.41439446366782007	0.4732179930795848	0.4732179930795848	0.5407612456747405	0.5407612456747405	0.701522491349481	0.6579238754325261
0.05685741596532835	0.08339468921184906	0.46239799785992397	0.47370351241964587	0.46260196607573784	0.4350151232892921	0.35002776724946233	0.3424641261366825	0.08770176412029829	0.16236135416057595	0.2760553633217993	0.2760553633217993	0.41460207612456745	0.41460207612456745	0.4734256055363322	0.4734256055363322	0.541038062283737	0.541038062283737	0.7024682814302191	0.6585236447520185
0.05862411246566272	0.08524006745398204	0.4619721027484439	0.47292840359859084	0.4619045906472161	0.43556080722801543	0.34983809704282387	0.33969998992935146	0.08663190033746561	0.16091413791444617	0.2768858131487889	0.2768858131487889	0.4148096885813149	0.4148096885813149	0.4736332179930796	0.4736332179930796	0.5413148788927336	0.5413148788927336	0.7034140715109574	0.659123414071511
0.060443316064761256	0.08704722137000132	0.4618940490919476	0.4721645530565892	0.46163441055802606	0.43613272577421835	0.34951209404999933	0.33696815493224247	0.08552907584134048	0.15943340164141104	0.27771626297577856	0.27771626297577856	0.4150173010380623	0.4150173010380623	0.473840830449827	0.473840830449827	0.54159169550173	0.54159169550173	0.7043598615916955	0.6597231833910036
0.06232405804380145	0.0888208888329388	0.46212099397407697	0.47141409013913055	0.4617376795378909	0.43671566344864715	0.3490661235682696	0.3342740276271599	0.0843712296960205	0.15791910488403763	0.27854671280276816	0.27854671280276816	0.41522491349480967	0.41522491349480967	0.4740484429065744	0.4740484429065744	0.5418685121107266	0.5418685121107266	0.7053056516724336	0.660322952710496
0.06426070632799642	0.09056897934040771	0.46268462980465047	0.47067902564952935	0.46225776240236544	0.43729719496513153	0.3484877300177487	0.3316252926440174	0.08314923498478949	0.15636199495465597	0.27937716262975776	0.27937716262975776	0.4154325259515571	0.4154325259515571	0.4742560553633218	0.4742560553633218	0.5421453287197231	0.5421453287197231	0.7062514417531719	0.6609227220299885
0.06625594278586597	0.09229581048212382	0.4634881167677449	0.46996153646373845	0.4630707615082478	0.4378597483786692	0.34781146830038195	0.3290385788832704	0.08183919817527607	0.1547650976438036	0.2802076124567474	0.2802076124567474	0.4156401384083045	0.4156401384083045	0.4744636678200692	0.4744636678200692	0.5424221453287197	0.5424221453287197	0.70719723183391	0.661522491349481
0.06830645005351779	0.09401038267028095	0.46449411949155667	0.46925820665596707	0.4641411389818669	0.4383914791469848	0.3470391000476736	0.32651762682218055	0.0804367430376811	0.15312712848872218	0.281038062283737	0.281038062283737	0.4158477508650519	0.4158477508650519	0.4746712802768166	0.4746712802768166	0.5426989619377163	0.5426989619377163	0.7081430219146482	0.6621222606689735
0.07040236913042423	0.09571850028568521	0.46563994310976503	0.46856716222850625	0.46538893130625086	0.4388797857707206	0.3461935909019086	0.3240688008161026	0.07893339741264217	0.15144176841679555	0.2818685121107266	0.2818685121107266	0.4160553633217993	0.4160553633217993	0.47487889273356404	0.47487889273356404	0.5429757785467128	0.5429757785467128	0.7090888119953864	0.662722029988466
0.07253976331255946	0.09742828548171671	0.4668418610898068	0.46788689480200313	0.4667185900105044	0.4393062977998995	0.34529491063231527	0.3217020626702031	0.07731942736785032	0.14971642552638129	0.28269896193771626	0.28269896193771626	0.4162629757785467	0.4162629757785467	0.4750865051903114	0.4750865051903114	0.5432525951557093	0.5432525951557093	0.7100346020761246	0.6633217993079585
0.07470506527581457	0.09914820899642489	0.4680239261835623	0.46721260600291936	0.46804346122435014	0.4396566994495332	0.3443577748562871	0.3194392566018367	0.07560825658625502	0.14794794133059228	0.28352941176470586	0.28352941176470586	0.4164705882352941	0.4164705882352941	0.4752941176470588	0.4752941176470588	0.5435294117647058	0.5435294117647058	0.7109803921568627	0.663921568627451
0.07688763244555359	0.10088478139145925	0.4691144247130003	0.4665406808780303	0.4692793714523417	0.4399258294606946	0.34340556619209056	0.31727536626598324	0.07379410321237607	0.1461382798472742	0.28435986159169546	0.28435986159169546	0.41667820069204153	0.41667820069204153	0.47550173010380625	0.47550173010380625	0.5438062283737024	0.5438062283737024	0.7119261822376008	0.6645213379469436
0.07907672459102956	0.10264744446586278	0.4700418285301674	0.4658674374036793	0.470334964124227	0.4401041907320451	0.34245523680100515	0.31521802865722837	0.07189999891581815	0.14429383441623211	0.2851903114186851	0.2851903114186851	0.4168858131487889	0.4168858131487889	0.47570934256055364	0.47570934256055364	0.5440830449826989	0.5440830449826989	0.7128719723183391	0.665121107266436
0.08126120439003287	0.1044425512611242	0.47072499666450374	0.4651891974006099	0.4711328438231259	0.4401644003141906	0.3415225189933586	0.31328325753367864	0.06993982632475311	0.1424122178112208	0.2860207612456747	0.2860207612456747	0.4170934256055363	0.4170934256055363	0.475916955017301	0.475916955017301	0.5443598615916955	0.5443598615916955	0.7138177623990772	0.6657208765859286
0.08343265504212118	0.10627767107318238	0.47114815180560576	0.4645037115698512	0.4716451654918055	0.44011677836021246	0.3406221642304755	0.3114828251189757	0.06793451502347879	0.1405019229719554	0.28685121107266437	0.28685121107266437	0.41730103806228375	0.41730103806228375	0.47612456747404847	0.47612456747404847	0.544636678200692	0.544636678200692	0.7147635524798155	0.6663206459054211
0.0855835930776576	0.10816040100834287	0.47122786828689317	0.46380890561281246	0.47176012179791055	0.4399566609239713	0.33976857081406503	0.3098107235710033	0.06591112075049584	0.1385672249162373	0.28768166089965397	0.28768166089965397	0.41750865051903113	0.41750865051903113	0.47633217993079585	0.47633217993079585	0.5449134948096885	0.5449134948096885	0.7157093425605536	0.6669204152249135
0.08771263050972834	0.1100937383381056	0.4709758423970763	0.46310247887636113	0.4715222817631371	0.43967041556790337	0.33896475619972477	0.30827213715675805	0.0638965853059425	0.13661052136873508	0.2885121107266436	0.2885121107266436	0.4177162629757785	0.4177162629757785	0.47653979238754324	0.47653979238754324	0.5451903114186851	0.5451903114186851	0.7166551326412918	0.6675201845444061
0.0898171768131917	0.11208762033743441	0.47039061818776273	0.4623861088803229	0.47089312267860395	0.43925602787118645	0.338229679817729	0.3068892433606881	0.061917945702687396	0.13464042127838793	0.2893425605536332	0.2893425605536332	0.41792387543252596	0.41792387543252596	0.4767474048442907	0.4767474048442907	0.5454671280276816	0.5454671280276816	0.7176009227220299	0.6681199538638986
0.09190091211989208	0.11413849120547907	0.4694452930439007	0.46166087888845325	0.46988320702505465	0.43872508096733687	0.3375570134416472	0.30565540923918866	0.060002162708756523	0.13266140064027926	0.2901730103806228	0.2901730103806228	0.41813148788927335	0.41813148788927335	0.47695501730103806	0.47695501730103806	0.5457439446366782	0.5457439446366782	0.7185467128027682	0.668719723183391
0.09396892034478956	0.11625924656587938	0.46822072896934624	0.46092811575394754	0.46856307884913195	0.43807996465698695	0.33695667474578533	0.30456585902043565	0.058178749741925155	0.13067977128712716	0.2910034602076125	0.2910034602076125	0.41833910034602073	0.41833910034602073	0.47716262975778545	0.47716262975778545	0.5460207612456747	0.5460207612456747	0.7194925028835063	0.6693194925028836
0.09602595337599436	0.11844017095712549	0.46672438278386297	0.4601921061070524	0.46692698656916337	0.4373058563988001	0.3364303281733526	0.3036221966348554	0.056458720762297104	0.1287013983501522	0.2918339100346021	0.2918339100346021	0.4185467128027682	0.4185467128027682	0.4773702422145329	0.4773702422145329	0.5462975778546713	0.5462975778546713	0.7204382929642446	0.669919261822376
0.09808020601570033	0.12069318844824303	0.46503052708666703	0.4594568081748552	0.46509269668330683	0.43642869729473704	0.3359732190314041	0.3028486658036675	0.05487779888675681	0.12673377133641456	0.29266435986159167	0.29266435986159167	0.41875432525951556	0.41875432525951556	0.4775778546712803	0.4775778546712803	0.5465743944636677	0.5465743944636677	0.7213840830449827	0.6705190311418685
0.100137620099883	0.12300756213861855	0.46321097221281843	0.45872742872406713	0.4631204515731641	0.4354559735850385	0.33559851929231244	0.30221864380574454	0.053431229001902364	0.12478156524883018	0.2934948096885813	0.2934948096885813	0.418961937716263	0.418961937716263	0.4777854671280277	0.4777854671280277	0.5468512110726643	0.5468512110726643	0.7223298731257208	0.6711188004613611
0.10220488822760466	0.1253892013221399	0.46132927618921415	0.458009783071208	0.4610980117835952	0.4343891920914375	0.33529248026583186	0.3017293810024536	0.0521339021979376	0.1228501394389842	0.2943252595155709	0.2943252595155709	0.4191695501730104	0.4191695501730104	0.4779930795847751	0.4779930795847751	0.5471280276816608	0.5471280276816608	0.723275663206459	0.6717185697808535
0.10428540056917078	0.12783006717260417	0.45946941420455273	0.4573081378045512	0.4591124203774358	0.43323932680773464	0.3350656107376461	0.30138445689877835	0.05099017732640022	0.12094856417812967	0.2951557093425605	0.2951557093425605	0.41937716262975777	0.41937716262975777	0.4782006920415225	0.4782006920415225	0.5474048442906574	0.5474048442906574	0.7242214532871972	0.6723183391003461
0.10638365160107381	0.13032909926874842	0.4577125992682895	0.4566280036451814	0.4572746235725953	0.43202452848918416	0.3349128547198118	0.3011856670407028	0.04998374723358974	0.11907716867167545	0.2959861591695502	0.2959861591695502	0.41958477508650516	0.41958477508650516	0.4784083044982699	0.4784083044982699	0.547681660899654	0.547681660899654	0.7251672433679354	0.6729181084198386
0.1085018502654329	0.13288062098414366	0.45613048814968715	0.45597783842539685	0.455641238629113	0.43075535234606616	0.3348327256803072	0.3011103379537858	0.04912777182856345	0.11724377207092071	0.2968166089965398	0.2968166089965398	0.4197923875432526	0.4197923875432526	0.4786159169550173	0.4786159169550173	0.5479584775086505	0.5479584775086505	0.7261130334486736	0.6735178777393311
0.11064059371695753	0.1354777063000723	0.45476602283530526	0.45535787223667706	0.45430382787011797	0.4294367497227174	0.33483292276833543	0.3011508497692634	0.04838961518162698	0.11545254559687788	0.2976470588235294	0.2976470588235294	0.42	0.42	0.4788235294117647	0.4788235294117647	0.548235294117647	0.548235294117647	0.7270588235294118	0.6741176470588236
0.11280498246983152	0.13811597066133843	0.4537278356430041	0.4547710953739851	0.4533331877755636	0.42808848745614275	0.33490079747837476	0.3013093356779718	0.04776379600187192	0.1137024318988863	0.29847750865051903	0.29847750865051903	0.4202076124567474	0.4202076124567474	0.47903114186851214	0.47903114186851214	0.5485121107266435	0.5485121107266435	0.7280046136101499	0.6747174163783161
0.11499561701193332	0.14078469350505637	0.4529952984713209	0.4542252858414432	0.4527313401848938	0.42672126303140767	0.3350465986701176	0.3015693784287478	0.04723173428827006	0.112003616892503	0.29930795847750863	0.29930795847750863	0.4204152249134948	0.4204152249134948	0.47923875432525953	0.47923875432525953	0.5487889273356401	0.5487889273356401	0.728950403690888	0.6753171856978086
0.1172166418441668	0.14347922958717865	0.45262161501673526	0.4537171990680232	0.45260660380416834	0.42534537685635093	0.3352577734125445	0.3019135151724772	0.0467697667445371	0.11035165942583687	0.3001384083044982	0.3001384083044982	0.4206228373702422	0.4206228373702422	0.4794463667820069	0.4794463667820069	0.5490657439446366	0.5490657439446366	0.7298961937716263	0.6759169550173011
0.11947724606300404	0.1461880268987965	0.4526190015071613	0.4532453643483986	0.45288961742140915	0.42397252908240635	0.33553216150039195	0.3023304904846631	0.046367483177136085	0.10874737699846915	0.3009688581314879	0.3009688581314879	0.42083044982698964	0.42083044982698964	0.47965397923875436	0.47965397923875436	0.5493425605536332	0.5493425605536332	0.7308419838523644	0.6765167243367936
0.12177978487426382	0.14890429569526784	0.4529387310508297	0.4528113881298718	0.4536016416827453	0.42261207972093984	0.33586530167005063	0.3028164761132511	0.045997887590972404	0.10719744071002629	0.30179930795847754	0.30179930795847754	0.421038062283737	0.421038062283737	0.47986159169550174	0.47986159169550174	0.5496193771626298	0.5496193771626298	0.7317877739331027	0.6771164936562861
0.12413432776849666	0.15161861104227556	0.45361324408438175	0.452412184939574	0.45472137986905287	0.42127204163782744	0.33624177571093294	0.30334822534538325	0.04564651822246848	0.10569282807566775	0.3026297577854671	0.3026297577854671	0.4212456747404844	0.4212456747404844	0.48006920415224913	0.48006920415224913	0.5498961937716262	0.5498961937716262	0.7327335640138408	0.6777162629757786
0.12654833232264961	0.1543220857514651	0.4545472698174486	0.4520407385872086	0.4561599212742437	0.4199656877834621	0.33665775177599916	0.30391245093727515	0.04529482125140031	0.10423662250470778	0.30346020761245673	0.30346020761245673	0.42145328719723185	0.42145328719723185	0.48027681660899657	0.48027681660899657	0.5501730103806228	0.5501730103806228	0.733679354094579	0.678316032295271
0.12902216144189393	0.15700778472800717	0.4557008736742522	0.4516930337815085	0.4579096947959815	0.4186953051403878	0.3370935530836384	0.3044966930075619	0.04492883311788013	0.10282618245245449	0.3042906574394464	0.3042906574394464	0.42166089965397924	0.42166089965397924	0.48048442906574396	0.48048442906574396	0.5504498269896193	0.5504498269896193	0.7346251441753171	0.6789158016147636
0.13156512996897843	0.1596672585119741	0.4570148685232625	0.45136509900069804	0.45984862693086304	0.4174661097455171	0.3375357676491558	0.30508650220344774	0.04453002560711965	0.10145399608184845	0.305121107266436	0.305121107266436	0.4218685121107266	0.4218685121107266	0.48069204152249134	0.48069204152249134	0.5507266435986159	0.5507266435986159	0.7355709342560554	0.6795155709342561
0.13417013216740625	0.1622942199992377	0.4584011661943521	0.45104771146081085	0.46190868911357275	0.41628700178697225	0.33796736003177913	0.3056672818348522	0.04409044796258471	0.10012218857301461	0.3059515570934256	0.3059515570934256	0.42207612456747406	0.42207612456747406	0.4808996539792388	0.4808996539792388	0.5510034602076124	0.5510034602076124	0.7365167243367935	0.6801153402537486
0.1368308295202027	0.16488312980394645	0.4597859388795663	0.4507349282012504	0.46400206851232767	0.41516319848134536	0.3383729242436924	0.3062269888893409	0.04359500731219001	0.09882109356638816	0.30678200692041524	0.30678200692041524	0.42228373702422145	0.42228373702422145	0.48110726643598617	0.48110726643598617	0.551280276816609	0.551280276816609	0.7374625144175317	0.6807151095732411
0.1395419779378209	0.1674263537965873	0.4610928328525147	0.4504197479188351	0.46604598266088093	0.414093309708588	0.3387284129619586	0.30674984192687255	0.043034845012781944	0.0975456411128724	0.30761245674740484	0.30761245674740484	0.42249134948096884	0.42249134948096884	0.48131487889273356	0.48131487889273356	0.5515570934256055	0.5515570934256055	0.7384083044982699	0.6813148788927337
0.14228346574344358	0.16992270346636865	0.4622500216095519	0.4500958821332086	0.46793700315371667	0.4130799589343643	0.3390266007308611	0.30722315515318754	0.04240616718127605	0.09629265736665904	0.30844290657439444	0.30844290657439444	0.4226989619377163	0.4226989619377163	0.481522491349481	0.481522491349481	0.551833910034602	0.551833910034602	0.739354094579008	0.6819146482122261
0.14504074376333134	0.17236108435735767	0.4631704770928655	0.4497584777363798	0.4696285635160561	0.4121360290399758	0.33924284389752407	0.30763979448785705	0.04169348658893565	0.09505265047221105	0.3092733564013841	0.3092733564013841	0.42290657439446366	0.42290657439446366	0.4817301038062284	0.4817301038062284	0.5521107266435986	0.5521107266435986	0.7402998846597462	0.6825144175317186
0.14779353214438937	0.17474538301074527	0.463834892567405	0.4494013915277975	0.47104765436372403	0.4112535982767214	0.33937048174137624	0.3079906376940651	0.040904666894253594	0.09382028349059324	0.3101038062283737	0.3101038062283737	0.42311418685121105	0.42311418685121105	0.48193771626297577	0.48193771626297577	0.5523875432525951	0.5523875432525951	0.7412456747404844	0.6831141868512112
0.15052482886615395	0.17705886826403006	0.46415814694729224	0.4490206960834829	0.47213870890163445	0.41043389375059774	0.3394012011015988	0.30825540845903104	0.0400309392895996	0.09258846977568841	0.3109342560553633	0.3109342560553633	0.4233217993079585	0.4233217993079585	0.4821453287197232	0.4821453287197232	0.5526643598615917	0.5526643598615917	0.7421914648212226	0.6837139561707036
0.15321462712168235	0.1793087748411619	0.46414157044801907	0.4486163579408513	0.47291522687446597	0.4096838764669731	0.33931826465822323	0.308435072146263	0.039078027357261215	0.09135094742353433	0.31176470588235294	0.31176470588235294	0.4235294117647059	0.4235294117647059	0.4823529411764706	0.4823529411764706	0.5529411764705882	0.5529411764705882	0.7431372549019608	0.6843137254901961
0.1558505739108671	0.1814782361120001	0.4637842123933891	0.4481870159148542	0.4733069083200727	0.40900598672743177	0.3391355932703823	0.30852593632884484	0.03805339889688831	0.09009921588697911	0.31259515570934254	0.31259515570934254	0.42373702422145326	0.42373702422145326	0.482560553633218	0.482560553633218	0.5532179930795847	0.5532179930795847	0.744083044982699	0.6849134948096887
0.15842649150977353	0.1835708797176498	0.4630463221949262	0.447730413371266	0.4733846024231472	0.40839518592138696	0.3388361708499352	0.30852080867402465	0.03695821842828961	0.08882865639967663	0.31342560553633214	0.31342560553633214	0.4239446366782007	0.4239446366782007	0.4827681660899654	0.4827681660899654	0.5534948096885812	0.5534948096885812	0.7450288350634371	0.6855132641291811
0.16092825658542712	0.18557371413504417	0.4620095331136557	0.4472525745388643	0.4731594144254755	0.40785265707511764	0.3384397925717946	0.30840380199545253	0.0358119791460209	0.08753377074845425	0.3142560553633218	0.3142560553633218	0.4241522491349481	0.4241522491349481	0.4829757785467128	0.4829757785467128	0.5537716262975778	0.5537716262975778	0.7459746251441752	0.6861130334486737
0.16336604504543928	0.18748551664082252	0.46067572107761584	0.44675675003469606	0.47267198703621593	0.4073918406964161	0.33795017068876293	0.3081870942742433	0.034622760177197495	0.08620503455708482	0.3150865051903114	0.3150865051903114	0.4243598615916955	0.4243598615916955	0.4831833910034602	0.4831833910034602	0.5540484429065744	0.5540484429065744	0.7469204152249135	0.6867128027681662
0.16574202169077773	0.18930011796976615	0.45911277427518754	0.4462458931360649	0.4720116509398946	0.40700223657198936	0.3373759292472187	0.3078698500447954	0.033409260898537976	0.0848429970017627	0.315916955017301	0.315916955017301	0.4245674740484429	0.4245674740484429	0.48339100346020764	0.48339100346020764	0.5543252595155709	0.5543252595155709	0.7478662053056516	0.6873125720876586
0.16806358907528948	0.191011540505767	0.4573942782231889	0.4457278109856601	0.47123110105501453	0.4066842228101298	0.33673972109869615	0.3074444475041457	0.0321871513946901	0.08344005869306512	0.31674740484429065	0.31674740484429065	0.4247750865051903	0.4247750865051903	0.483598615916955	0.483598615916955	0.5546020761245675	0.5546020761245675	0.7488119953863899	0.6879123414071512
0.17034804312494548	0.19262350527136002	0.4555748255216503	0.445208986235271	0.47042949636837195	0.4064445243912998	0.3360460057595628	0.3069110893590644	0.030974801484117655	0.08199283076442646	0.3175778546712803	0.3175778546712803	0.4249826989619377	0.4249826989619377	0.4838062283737024	0.4838062283737024	0.5548788927335639	0.5548788927335639	0.749757785467128	0.6885121107266436
0.17260737312219057	0.1941264869011446	0.4537451682807869	0.4446970672265423	0.4696915054256742	0.4062846401877296	0.33532069606899306	0.3062820491545827	0.0297864250139332	0.08050350771841133	0.31840830449826985	0.31840830449826985	0.42519031141868513	0.42519031141868513	0.48401384083044985	0.48401384083044985	0.5551557093425605	0.5551557093425605	0.7507035755478662	0.6891118800461362
0.17485977686081777	0.19553598487504933	0.4519824407289004	0.4442003989209371	0.469110895191054	0.4061973707728631	0.3345767854272831	0.3055609017038427	0.0286402559696488	0.07896314586151729	0.3192387543252595	0.3192387543252595	0.4253979238754325	0.4253979238754325	0.48422145328719723	0.48422145328719723	0.555432525951557	0.555432525951557	0.7516493656286043	0.6897116493656287
0.1771203055348401	0.1968415220903806	0.45036287596137614	0.4437249121298142	0.46874282461211914	0.4061822067663409	0.3338307413463818	0.30474110472599336	0.027546379128055572	0.07737756080759393	0.32006920415224915	0.32006920415224915	0.4256055363321799	0.4256055363321799	0.4844290657439446	0.4844290657439446	0.5557093425605536	0.5557093425605536	0.7525951557093425	0.6903114186851211
0.179407848126529	0.19806784490559537	0.44893395623641075	0.4432779135939045	0.46870859038278445	0.4062502312760624	0.33309637288400795	0.3038368162177852	0.026513012061986294	0.07574745611787323	0.32089965397923875	0.32089965397923875	0.42581314878892734	0.42581314878892734	0.48463667820069206	0.48463667820069206	0.5559861591695501	0.5559861591695501	0.7535409457900807	0.6909111880046137
0.18173456608851898	0.19921274212923656	0.44780295780868185	0.442870700113797	0.4690150177104545	0.4063877320482613	0.3323899385205728	0.30285780068858237	0.025551764444737276	0.07406854781359898	0.32173010380622835	0.32173010380622835	0.42602076124567473	0.42602076124567473	0.48484429065743945	0.48484429065743945	0.5562629757785467	0.5562629757785467	0.7544867358708189	0.6915109573241062
0.1841133712897922	0.20030143089272204	0.4469622538233998	0.4425035025495382	0.46971994264882916	0.4065917663658896	0.33171699919953807	0.3018100203593145	0.024656479400441952	0.07235079139109106	0.322560553633218	0.322560553633218	0.42622837370242217	0.42622837370242217	0.4850519031141869	0.4850519031141869	0.5565397923875433	0.5565397923875433	0.7554325259515571	0.6921107266435986
0.1865620889877062	0.20134468632102226	0.44646491179026826	0.44218038302013474	0.47086315723253	0.4068642471615331	0.33109194715510787	0.3006924875477973	0.023834320770505686	0.07059371912382167	0.3233910034602076	0.3233910034602076	0.42643598615916956	0.42643598615916956	0.4852595155709343	0.4852595155709343	0.5568166089965397	0.5568166089965397	0.7563783160322952	0.6927104959630912
0.1890838589960115	0.2023657514479272	0.44633553335567866	0.44191200298618527	0.47239107889772897	0.4072016240583047	0.33051744931674093	0.29952363248357605	0.023074793337629462	0.06880193755380966	0.3242214532871972	0.3242214532871972	0.42664359861591694	0.42664359861591694	0.48546712802768166	0.48546712802768166	0.5570934256055363	0.5570934256055363	0.7573241061130334	0.6933102652825837
0.1916939005176088	0.2033843295214879	0.4465294468409146	0.44169494874366816	0.4743517061795098	0.4075932127634262	0.3299977517468755	0.2983112178768862	0.02237204876590299	0.06698358691191063	0.32505190311418686	0.32505190311418686	0.4268512110726643	0.4268512110726643	0.48567474048442905	0.48567474048442905	0.5573702422145328	0.5573702422145328	0.7582698961937716	0.6939100346020762
0.19440145775987594	0.20442436705536263	0.44708457218102976	0.44152823392324353	0.4766415728603859	0.40803402911880854	0.3295413339760182	0.29706141344639364	0.021720221508005805	0.06514061056253938	0.32588235294117646	0.32588235294117646	0.42705882352941177	0.42705882352941177	0.4858823529411765	0.4858823529411765	0.5576470588235294	0.5576470588235294	0.7592156862745097	0.6945098039215687
0.19720768442313694	0.20550647334640962	0.44791574263987677	0.4414159145510508	0.47921539941398156	0.40852515579029053	0.32914104024738117	0.295782522366312	0.021105052080379615	0.06328239319841342	0.32671280276816606	0.32671280276816606	0.42726643598615915	0.42726643598615915	0.4860899653979239	0.4860899653979239	0.5579238754325259	0.5579238754325259	0.760161476355248	0.6951095732410612
0.20013308098238106	0.2066586395696498	0.44898537432855534	0.4413565862900272	0.4820024507696758	0.40905270710316355	0.3288088563073056	0.2944861897035106	0.02052137031232606	0.061415375152137505	0.3275432525951557	0.3275432525951557	0.4274740484429066	0.4274740484429066	0.4862975778546713	0.4862975778546713	0.5582006920415225	0.5582006920415225	0.7611072664359861	0.6957093425605537
0.20317492297049725	0.20789334891521571	0.45024415170514065	0.44134301085172534	0.4848904659907785	0.40961008203125127	0.3285364712222913	0.2931801719023472	0.019957357526495845	0.05954655836605923	0.3283737024221453	0.3283737024221453	0.427681660899654	0.427681660899654	0.4865051903114187	0.4865051903114187	0.5584775086505189	0.5584775086505189	0.7620530565167243	0.6963091118800462
0.20633796770602866	0.20924572416350465	0.451602614123137	0.44137322347837754	0.4877815475756286	0.41019229095796966	0.3283282288928089	0.2918726729454421	0.01940685359096867	0.05768339222956658	0.3292041522491349	0.3292041522491349	0.42788927335640137	0.42788927335640137	0.4867128027681661	0.4867128027681661	0.5587543252595155	0.5587543252595155	0.7629988465974624	0.6969088811995388
0.2096407496989921	0.2107136033715857	0.4529951164409035	0.4414481437016843	0.49056932656648433	0.41079192549715665	0.3281871903651944	0.29057239225831916	0.018864786532608514	0.05583416061791911	0.33003460207612456	0.33003460207612456	0.42809688581314875	0.42809688581314875	0.48692041522491347	0.48692041522491347	0.5590311418685121	0.5590311418685121	0.7639446366782007	0.6975086505190312
0.21306996362208186	0.21233615444274745	0.45434278681416457	0.4415571697553892	0.4931420687590629	0.4114006452780367	0.3281068643511638	0.289286202893839	0.018327569564696684	0.054006812698199305	0.33086505190311416	0.33086505190311416	0.4283044982698962	0.4283044982698962	0.4871280276816609	0.4871280276816609	0.5593079584775086	0.5593079584775086	0.7648904267589388	0.6981084198385237
0.21663360381458735	0.21410035993932572	0.45557586959326635	0.4416963089636909	0.49537638568212977	0.41201261178202875	0.3281030232783745	0.28802055867410403	0.017795012308002536	0.05220602055312633	0.33169550173010376	0.33169550173010376	0.4285121107266436	0.4285121107266436	0.4873356401384083	0.4873356401384083	0.5595847750865052	0.5595847750865052	0.7658362168396771	0.6987081891580162
0.2203304890180851	0.2160341936124669	0.45660693778217715	0.4418650649498872	0.4972265111034486	0.41262116500429674	0.3281635415774839	0.2867869998715299	0.017267796084407223	0.05044457610111161	0.3325259515570934	0.3325259515570934	0.428719723183391	0.428719723183391	0.48754325259515574	0.48754325259515574	0.5598615916955016	0.5598615916955016	0.7667820069204152	0.6993079584775087
0.2241435744595056	0.21812560573869372	0.45741087118070833	0.4420561954569086	0.4985283731220695	0.41322123642982417	0.32829875607853176	0.2855872600484912	0.016748634704230624	0.04872453986131075	0.33335640138408307	0.33335640138408307	0.4289273356401384	0.4289273356401384	0.4877508650519031	0.4877508650519031	0.5601384083044982	0.5601384083044982	0.7677277970011533	0.6999077277970012
0.2280736172737851	0.22038370943204458	0.45790617137096495	0.442265676482481	0.49929192154173424	0.4138087771187738	0.3285081830735009	0.28442613673092615	0.016241802721465866	0.04705173491897153	0.3341868512110726	0.3341868512110726	0.4291349480968858	0.4291349480968858	0.4879584775086505	0.4879584775086505	0.5604152249134947	0.5604152249134947	0.7686735870818915	0.7005074971164937
0.23209755487473363	0.22279928580849584	0.4580827424170255	0.44249209380510945	0.4994507875523782	0.4143788652748354	0.3287883863092258	0.28331037081644805	0.01574966645382112	0.04543937943160016	0.33501730103806227	0.33501730103806227	0.42934256055363323	0.42934256055363323	0.48816608996539795	0.48816608996539795	0.5606920415224913	0.5606920415224913	0.7696193771626297	0.7011072664359862
0.2361964846174836	0.2253620410449926	0.4579398247067744	0.44273316379133304	0.49894431413153956	0.41492795912147784	0.32915000979174297	0.28224821241490367	0.015278468420266438	0.04388332073697154	0.3358477508650519	0.3358477508650519	0.4295501730103806	0.4295501730103806	0.48837370242214534	0.48837370242214534	0.5609688581314879	0.5609688581314879	0.7705651672433679	0.7017070357554788
0.24035781775233922	0.22806544880333882	0.4574292342788406	0.4429861585830762	0.4978567065286325	0.41545602930863346	0.3295782431235013	0.281237282272892	0.014828407786265584	0.042394172823066144	0.3366782006920415	0.3366782006920415	0.429757785467128	0.429757785467128	0.4885813148788927	0.4885813148788927	0.5612456747404844	0.5612456747404844	0.7715109573241061	0.7023068050749712
0.24455364111007183	0.23088384989868668	0.4566281171804385	0.4432506793231452	0.4961068351618277	0.41596201976386205	0.3300799400077146	0.2802802855649585	0.014401904362256605	0.04097614981379447	0.3375086505190311	0.3375086505190311	0.42996539792387545	0.42996539792387545	0.48878892733564017	0.48878892733564017	0.561522491349481	0.561522491349481	0.7724567474048443	0.7029065743944637
0.24876802468738948	0.23381172017158364	0.4555363645375976	0.44352803071840996	0.4938248558507848	0.4164416635704585	0.33064323347391605	0.2793853517942273	0.013999166231060579	0.03962524848794515	0.33833910034602077	0.33833910034602077	0.43017301038062283	0.43017301038062283	0.48899653979238755	0.48899653979238755	0.5617993079584774	0.5617993079584774	0.7734025374855824	0.7035063437139563
0.2529837052071801	0.2368157762088533	0.45421297053938187	0.44381672434631864	0.49105431251704246	0.4168987878609081	0.33126075878994327	0.27855279891456536	0.013616297494585074	0.03835610328180623	0.33916955017301037	0.33916955017301037	0.4303806228373702	0.4303806228373702	0.48920415224913494	0.48920415224913494	0.562076124567474	0.562076124567474	0.7743483275663205	0.7041061130334487
0.257189079332053	0.23988914514125995	0.452731094101902	0.44411724140037684	0.48785115690748604	0.41733430937096894	0.3319267999748049	0.2777795273777484	0.013252350194606596	0.03716058823652754	0.33999999999999997	0.33999999999999997	0.43058823529411766	0.43058823529411766	0.4894117647058824	0.4894117647058824	0.5623529411764705	0.5623529411764705	0.7752941176470588	0.7047058823529413
0.2613751844752871	0.24300123187320954	0.4511394091359055	0.44443201340428395	0.4843585005484354	0.41774761482302625	0.33262423174582123	0.2770661237392893	0.012899771982553189	0.036039386905698044	0.3408304498269896	0.3408304498269896	0.43079584775086505	0.43079584775086505	0.48961937716262977	0.48961937716262977	0.5626297577854671	0.5626297577854671	0.7762399077277969	0.7053056516724338
0.2655391798759731	0.2461394889424792	0.44952937594959824	0.44475992886552895	0.48063939661240496	0.4181395476453448	0.3333448915872783	0.27642202343635364	0.012553599465179002	0.03500305884230553	0.3416608996539792	0.3416608996539792	0.43100346020761243	0.43100346020761243	0.48982698961937715	0.48982698961937715	0.5629065743944637	0.5629065743944637	0.7771856978085352	0.7059054209919262
0.26968212849793727	0.24928474021168104	0.4479756888166976	0.4451003458399013	0.47682796300531033	0.4185132183592311	0.334072498853653	0.27583863196267644	0.012206754418725778	0.034038115979706275	0.3424913494809688	0.3424913494809688	0.4312110726643599	0.4312110726643599	0.4900346020761246	0.4900346020761246	0.5631833910034602	0.5631833910034602	0.7781314878892733	0.7065051903114188
0.27380270931430456	0.25242418568917546	0.4465567935094766	0.4454533377026036	0.47302549489195816	0.41886943775824514	0.3347937790824671	0.27531389539626505	0.011853542720961436	0.033150768438333186	0.3433217993079585	0.3433217993079585	0.43141868512110726	0.43141868512110726	0.490242214532872	0.490242214532872	0.5634602076124567	0.5634602076124567	0.7790772779700115	0.7071049596309112
0.27790403993477125	0.25554729255838127	0.44532204356759947	0.44581679098823773	0.46934185598821343	0.41920580784412775	0.33549476826207986	0.2748484232334939	0.011486053995501318	0.032339064561236544	0.3441522491349481	0.3441522491349481	0.43162629757785465	0.43162629757785465	0.49044982698961936	0.49044982698961936	0.5637370242214532	0.5637370242214532	0.7800230680507496	0.7077047289504037
0.2819829769590727	0.25864727303406204	0.44437848484116055	0.4461865914632769	0.4658469943437948	0.41952485030795816	0.3361664510717452	0.2744462601394999	0.011101533248444932	0.0315932103467648	0.3449826989619377	0.3449826989619377	0.4318339100346021	0.4318339100346021	0.4906574394463668	0.4906574394463668	0.5640138408304498	0.5640138408304498	0.7809688581314879	0.7083044982698963
0.28602833197825034	0.2617195587636114	0.44372767260104073	0.44655851635714006	0.46266197495662015	0.4198259685172426	0.3367899698756592	0.27409717074491063	0.010695165114198497	0.030921218494908174	0.3458131487889273	0.3458131487889273	0.43204152249134947	0.43204152249134947	0.4908650519031142	0.4908650519031142	0.5642906574394463	0.5642906574394463	0.781914648212226	0.7089042675893887
0.29002810230128856	0.26476512584792244	0.4434225858327101	0.44692548221668604	0.45980927671493305	0.4201059694445943	0.3373656560243395	0.2737986731767272	0.010265091701965566	0.030310497700206985	0.346643598615917	0.346643598615917	0.43224913494809686	0.43224913494809686	0.4910726643598616	0.4910726643598616	0.5645674740484429	0.5645674740484429	0.7828604382929643	0.7095040369088812
0.2939549720469118	0.2677829420801232	0.4434998563924492	0.4472802103689057	0.4573393505771743	0.42036139649517695	0.33788042197689827	0.27355179944940505	0.009812828430728875	0.029756951273134564	0.3474740484429065	0.3474740484429065	0.4324567474048443	0.4324567474048443	0.491280276816609	0.491280276816609	0.5648442906574394	0.5648442906574394	0.7838062283737024	0.7101038062283738
0.29777678526685036	0.2707791893272978	0.4439163854668674	0.44761429633384864	0.45530385171500404	0.4205909997013752	0.3383320432621761	0.27335269075353236	0.00933680216521637	0.029263262404329103	0.3483044982698962	0.3483044982698962	0.4326643598615917	0.4326643598615917	0.4914878892733564	0.4914878892733564	0.5651211072664359	0.5651211072664359	0.7847520184544405	0.7107035755478662
0.3014680975227611	0.2737538133925683	0.444717892053558	0.44791188148484445	0.45364647673383746	0.4207907071242022	0.3387215873733273	0.27319355590372985	0.008843438267088114	0.028815452338130605	0.34913494809688583	0.34913494809688583	0.43287197231833907	0.43287197231833907	0.4916955017301038	0.4916955017301038	0.5653979238754325	0.5653979238754325	0.7856978085351787	0.7113033448673588
0.30497230768336564	0.2767131431286089	0.44582765020734744	0.44816361238929847	0.45241224495119625	0.42094893550524004	0.3390395927050921	0.27307045624394033	0.008335461357775223	0.028412936300810307	0.3499653979238754	0.3499653979238754	0.4330795847750865	0.4330795847750865	0.49190311418685123	0.49190311418685123	0.565674740484429	0.565674740484429	0.7866435986159169	0.7119031141868513
0.3082727932960802	0.279655962383297	0.4472108731214947	0.44835860415672113	0.45151315483998605	0.42106463870415595	0.33929837681841135	0.2729829203581762	0.007819021950179155	0.02804994344559899	0.35079584775086503	0.35079584775086503	0.4332871972318339	0.4332871972318339	0.4921107266435986	0.4921107266435986	0.5659515570934256	0.5659515570934256	0.7875893886966551	0.7125028835063438
0.31134636948642397	0.28258373677558785	0.4488315244995613	0.4484766720331133	0.45090370195891877	0.42113200506936016	0.3394901153512059	0.27292219397485207	0.007299995770023589	0.027717352282509076	0.3516262975778547	0.3516262975778547	0.4334948096885813	0.4334948096885813	0.492318339100346	0.492318339100346	0.5662283737024221	0.5662283737024221	0.7885351787773933	0.7131026528258363
0.31415608404386697	0.2854912691681266	0.4505972361115987	0.4485004704290401	0.45053296763664663	0.421139463735887	0.3396230135149694	0.2728821317023293	0.006785258012014883	0.027414005084180453	0.3524567474048443	0.3524567474048443	0.4337024221453287	0.4337024221453287	0.49252595155709344	0.49252595155709344	0.5665051903114187	0.5665051903114187	0.7894809688581315	0.7137024221453288
0.31673410941940783	0.2883732995740823	0.4524550985296875	0.448423637027353	0.450296984063127	0.4210766044691399	0.33969793673438214	0.2728575044126558	0.0062802680753909455	0.027130644126990372	0.3532871972318339	0.3532871972318339	0.4339100346020761	0.4339100346020761	0.49273356401384083	0.49273356401384083	0.5667820069204151	0.5667820069204151	0.7904267589388696	0.7143021914648213
0.3190844175148201	0.2912200394897113	0.454325151235876	0.44822940506743464	0.4501274471750578	0.42094204693353027	0.3397106679334946	0.27284279739240846	0.005791887502894493	0.02686192859546168	0.35411764705882354	0.35411764705882354	0.4341176470588235	0.4341176470588235	0.4929411764705882	0.4929411764705882	0.5670588235294117	0.5670588235294117	0.7913725490196077	0.7149019607843138
0.321246533955185	0.2940188441260202	0.4561408735140191	0.44788485912765563	0.44993416393720725	0.42072844421057676	0.339668371422813	0.2728296382870777	0.005325200130036543	0.026603617900792104	0.35494809688581314	0.35494809688581314	0.43432525951557094	0.43432525951557094	0.49314878892733566	0.49314878892733566	0.5673356401384082	0.5673356401384082	0.792318339100346	0.7155017301038062
0.3232838641312609	0.29675913113216584	0.4578223580340254	0.4473969263956278	0.44963866838318983	0.4204129150501251	0.33955591051621387	0.27281146013358015	0.004883438355621993	0.026349006551395132	0.35577854671280273	0.35577854671280273	0.4345328719723183	0.4345328719723183	0.49335640138408304	0.49335640138408304	0.5676124567474048	0.5676124567474048	0.7932641291810841	0.7161014994232988
0.3252527177994536	0.29942053935459406	0.45933621764639104	0.4467543643547814	0.4491533927562602	0.42000072026763513	0.3393776722946481	0.27277991641532173	0.004473854641665615	0.026093397162180187	0.3566089965397924	0.3566089965397924	0.43474048442906577	0.43474048442906577	0.4935640138408305	0.4935640138408305	0.5678892733564014	0.5678892733564014	0.7942099192618224	0.7167012687427913
0.32723463815387166	0.30199872744551254	0.4606118289448991	0.44592091929175565	0.4484462046494373	0.41948654413534786	0.3391198968735506	0.272725459983167	0.004095033630311801	0.025831875168997202	0.357439446366782	0.357439446366782	0.43494809688581315	0.43494809688581315	0.49377162629757787	0.49377162629757787	0.5681660899653979	0.5681660899653979	0.7951557093425605	0.7173010380622837
0.3292954987177777	0.3044656238870833	0.4616295816370462	0.4449053557007268	0.4474261856655519	0.41885554804499536	0.3387698387055203	0.2726417199768622	0.0037523582465288936	0.02556109072106047	0.3582698961937716	0.3582698961937716	0.43515570934256054	0.43515570934256054	0.49397923875432526	0.49397923875432526	0.5684429065743944	0.5684429065743944	0.7961014994232987	0.7179008073817763
0.33152535543760014	0.3068283446873598	0.4623884374622367	0.44370703769201936	0.4460970039291134	0.418097500666752	0.3383249017694034	0.27252054962269245	0.0034452321110456556	0.025275120372121727	0.35910034602076124	0.35910034602076124	0.4353633217993079	0.4353633217993079	0.49418685121107264	0.49418685121107264	0.5687197231833909	0.5687197231833909	0.7970472895040368	0.7185005767012688
0.333962697878329	0.30905661544923996	0.46284159082011017	0.44230379450975155	0.4444409465840629	0.4172189846856347	0.33774807004629454	0.2723465621929087	0.003172991902875334	0.024972479197645236	0.35993079584775084	0.35993079584775084	0.43557093425605536	0.43557093425605536	0.4943944636678201	0.4943944636678201	0.5689965397923875	0.5689965397923875	0.7979930795847751	0.7191003460207613
0.3366609971458035	0.3111639666477087	0.4630542477963462	0.44068895320245477	0.44243422629680557	0.4162154578264252	0.33704785450852803	0.27211266220511987	0.0029387773948293975	0.02465063437884638	0.36076124567474044	0.36076124567474044	0.43577854671280275	0.43577854671280275	0.49460207612456747	0.49460207612456747	0.569273356401384	0.569273356401384	0.7989388696655132	0.7197001153402538
0.33965908573539866	0.31312890025625706	0.46302890854071305	0.4388795860237893	0.44014536277532224	0.415060699551304	0.3361904323776402	0.2718119709938068	0.0027368829899771913	0.024304351030425376	0.3615916955017301	0.3615916955017301	0.4359861591695502	0.4359861591695502	0.4948096885813149	0.4948096885813149	0.5695501730103806	0.5695501730103806	0.7998846597462514	0.7202998846597464
0.3429375262074427	0.3149598135900275	0.4628131394115606	0.4368703204707345	0.43756877284893964	0.4137699653981657	0.3351664851978235	0.2714346619944497	0.0025693754994190227	0.023935728721963284	0.36242214532871975	0.36242214532871975	0.4361937716262976	0.4361937716262976	0.4950173010380623	0.4950173010380623	0.5698269896193771	0.5698269896193771	0.8008304498269896	0.7208996539792388
0.34651005947070673	0.31664522705966924	0.4624720756876873	0.4346353553209565	0.43478691840846856	0.41234182323764607	0.333968958340992	0.2709544167949409	0.0024317707094145694	0.02354127398218579	0.3632525951557093	0.3632525951557093	0.43640138408304496	0.43640138408304496	0.4952249134948097	0.4952249134948097	0.5701038062283736	0.5701038062283736	0.8017762399077277	0.7214994232987313
0.35032680764227836	0.31818157643188	0.4620495698185747	0.43220823542931636	0.4318588010483118	0.4107621103681816	0.3325590576704925	0.2703747546542085	0.002321281111966817	0.0231202906503821	0.36408304498269894	0.36408304498269894	0.43660899653979235	0.43660899653979235	0.49543252595155707	0.49543252595155707	0.5703806228373702	0.5703806228373702	0.8027220299884659	0.7220991926182239
0.35433125606884547	0.3195625688606315	0.461622009211069	0.4295913992367993	0.4288476630369029	0.4090220369477566	0.3309591537490393	0.26968531513758554	0.002236889941091129	0.022675278897282113	0.3649134948096886	0.3649134948096886	0.4368166089965398	0.4368166089965398	0.4956401384083045	0.4956401384083045	0.5706574394463667	0.5706574394463667	0.8036678200692041	0.7226989619377163
0.35847388654376333	0.3207628929778185	0.4612519747674726	0.42676004131712664	0.42583383667697144	0.407133030775788	0.32912690085898727	0.26886820532948313	0.0021724795730492597	0.02220243357979107	0.36574394463667814	0.36574394463667814	0.4370242214532872	0.4370242214532872	0.4958477508650519	0.4958477508650519	0.5709342560553633	0.5709342560553633	0.8046136101499423	0.7232987312572088
0.3626564467008817	0.32177755191085644	0.461003634395678	0.42373832548046947	0.4228965582756572	0.4050909977551263	0.32707851795471427	0.26790241277990673	0.002126938786137157	0.02170588905835863	0.3665743944636678	0.3665743944636678	0.4372318339100346	0.4372318339100346	0.49605536332179934	0.49605536332179934	0.5712110726643598	0.5712110726643598	0.8055594002306805	0.7238985005767014
0.366797062381796	0.32254547696099156	0.4609111099750407	0.4205356583872378	0.42009455690510394	0.4028643837688553	0.32480536385516906	0.2667920541189433	0.002095162276260621	0.021186843084081954	0.36740484429065745	0.36740484429065745	0.437439446366782	0.437439446366782	0.4962629757785467	0.4962629757785467	0.5714878892733564	0.5714878892733564	0.8065051903114187	0.7244982698961938
0.3707809608429482	0.32306532363649737	0.46104968399748997	0.41713828015375964	0.4174844282353481	0.40047036489319704	0.32228828824234457	0.2655266494216157	0.0020739703987258363	0.020643897261725018	0.36823529411764705	0.36823529411764705	0.4376470588235294	0.4376470588235294	0.4964705882352941	0.4964705882352941	0.5717647058823528	0.5717647058823528	0.8074509803921568	0.7250980392156863
0.3745200554450824	0.32322466003056716	0.4614100149312108	0.4135446607860741	0.4151337518908626	0.39790517740130155	0.3195578037955369	0.26407661217602696	0.002060339600589108	0.020082466855712078	0.36906574394463665	0.36906574394463665	0.43785467128027683	0.43785467128027683	0.49667820069204155	0.49667820069204155	0.5720415224913494	0.5720415224913494	0.8083967704728949	0.7256978085351788
0.3778760531798686	0.32302255376305095	0.4620089307659354	0.4097720835297024	0.413033064907671	0.3951477390053457	0.31656915908978683	0.2624371611611637	0.002050502184797452	0.019502709388691454	0.3698961937716263	0.3698961937716263	0.4380622837370242	0.4380622837370242	0.49688581314878894	0.49688581314878894	0.5723183391003459	0.5723183391003459	0.8093425605536332	0.7262975778546713
0.38072294126056994	0.322322041857927	0.462847329670984	0.40581406930007463	0.4112342786128978	0.3921815107376449	0.3133604562910531	0.2606097925786005	0.002041885283108025	0.018906935807241173	0.3707266435986159	0.3707266435986159	0.4382698961937716	0.4382698961937716	0.4970934256055363	0.4970934256055363	0.5725951557093425	0.5725951557093425	0.8102883506343713	0.7268973471741639
0.38296854297671007	0.3210923954196684	0.4638636582304709	0.4016407137813716	0.40969723489347404	0.3890165068525845	0.30991109224144564	0.2585854109184207	0.002031760756553168	0.018298881722739812	0.3715570934256055	0.3715570934256055	0.43847750865051904	0.43847750865051904	0.49730103806228376	0.49730103806228376	0.5728719723183391	0.5728719723183391	0.8112341407151096	0.7274971164936563
0.3843707551322624	0.3192025869476917	0.465026627336305	0.39727621606444635	0.4083921658033221	0.3856424300362839	0.30621540944134096	0.25632071818450797	0.0020180988002275802	0.01767910878221913	0.37238754325259515	0.37238754325259515	0.43868512110726643	0.43868512110726643	0.49750865051903115	0.49750865051903115	0.5731487889273356	0.5731487889273356	0.8121799307958477	0.7280968858131489
0.38485143380126774	0.3165826166160345	0.46624503343947626	0.39271372504877455	0.407285719827325	0.3820101338459063	0.302291835545998	0.25383789079656677	0.0019987233690495695	0.0170514358264285	0.37321799307958475	0.37321799307958475	0.4388927335640138	0.4388927335640138	0.49771626297577853	0.49771626297577853	0.5734256055363322	0.5734256055363322	0.8131257208765859	0.7286966551326414
0.3842443039559631	0.3131435321763637	0.4674286373462842	0.38791286081540627	0.40628309653618394	0.3781383446932521	0.2980857096002379	0.2511328083703494	0.0019729751709890585	0.016418116835279828	0.37404844290657435	0.37404844290657435	0.43910034602076126	0.43910034602076126	0.497923875432526	0.497923875432526	0.5737024221453286	0.5737024221453286	0.814071510957324	0.7292964244521338
0.38224792888034204	0.3087676286308406	0.46845114207205607	0.38288523894869314	0.40530369064269717	0.37401867162461006	0.29363699501778756	0.24819014248427637	0.00193888182869065	0.015781009240535365	0.374878892733564	0.374878892733564	0.43930795847750864	0.43930795847750864	0.49813148788927336	0.49813148788927336	0.5739792387543252	0.5739792387543252	0.8150173010380622	0.7298961937716264
0.3788287854178761	0.3034492096657676	0.4692188900321431	0.37762815826736434	0.4042424631605463	0.36961872405852875	0.2888977895342876	0.24498245436119714	0.001896662482999763	0.015142846974008119	0.3757093425605536	0.3757093425605536	0.43951557093425603	0.43951557093425603	0.49833910034602075	0.49833910034602075	0.5742560553633218	0.5742560553633218	0.8159630911188004	0.7304959630911189
0.37370213293459215	0.2970203360689719	0.4695490129693155	0.3721084604280317	0.4029894543084766	0.364913586927561	0.2838675210713685	0.2415374584979403	0.0018457769566577334	0.014505662766931755	0.3765397923875432	0.3765397923875432	0.43972318339100347	0.43972318339100347	0.4985467128027682	0.4985467128027682	0.5745328719723183	0.5745328719723183	0.8169088811995386	0.7310957324106113
0.3666797020552771	0.28959251211361187	0.469334704762776	0.36630826896374324	0.40139009839347817	0.3599201487549986	0.27854086831252994	0.23785315421715333	0.0017858628581333314	0.013871542797773027	0.37737024221453286	0.37737024221453286	0.43993079584775086	0.43993079584775086	0.4987543252595156	0.4987543252595156	0.5748096885813149	0.5748096885813149	0.8178546712802768	0.7316955017301039
0.3577609388725233	0.2809561822121305	0.4684639677347186	0.3602408385901016	0.3993776814673853	0.3546273528798943	0.27286043457921294	0.23390633852951576	0.001718045372942686	0.013241874197216062	0.3782006920415225	0.3782006920415225	0.44013840830449824	0.44013840830449824	0.49896193771626296	0.49896193771626296	0.5750865051903113	0.5750865051903113	0.8188004613610149	0.7322952710495964
0.34661125304666257	0.2713235499344483	0.46668538347403793	0.3538885613154316	0.3967514421959399	0.34897333604545877	0.2668646001354751	0.2297012411987808	0.001641698223444816	0.012619333694046827	0.37903114186851206	0.37903114186851206	0.4403460207612457	0.4403460207612457	0.4991695501730104	0.4991695501730104	0.5753633217993079	0.5753633217993079	0.8197462514417531	0.7328950403690888
0.3333615567432228	0.2605571604328596	0.46402266924145263	0.3471997890587608	0.3934513104626719	0.3429933869602202	0.26048153997543194	0.2252601222170693	0.0015585216306410734	0.012004594044623455	0.3798615916955017	0.3798615916955017	0.44055363321799307	0.44055363321799307	0.4993771626297578	0.4993771626297578	0.5756401384083044	0.5756401384083044	0.8206920415224913	0.7334948096885814
0.31806437094474443	0.24886477963037934	0.46024355856311805	0.3402128293472335	0.3893803286122778	0.3366871245351726	0.2537398393938065	0.2205871859335612	0.0014690250581807375	0.011398903326743008	0.38069204152249136	0.38069204152249136	0.44076124567474045	0.44076124567474045	0.4995847750865052	0.4995847750865052	0.575916955017301	0.575916955017301	0.8216378316032295	0.7340945790080738
0.30060604587709805	0.2362441059906833	0.45529264724038787	0.33292189239319675	0.3843507476382452	0.33002661976819364	0.24662173339276752	0.21565590562533546	0.0013741949952761536	0.010804940006582166	0.38152249134948096	0.38152249134948096	0.4409688581314879	0.4409688581314879	0.4997923875432526	0.4997923875432526	0.5761937716262975	0.5761937716262975	0.8225836216839677	0.7346943483275664
0.2814321570527833	0.22287513880573354	0.44918578770455897	0.32527759735688183	0.3784325709432817	0.32299753704948475	0.2390999051736157	0.21050207813263241	0.0012755831717664184	0.01022197538610235	0.38235294117647056	0.38235294117647056	0.4411764705882353	0.4411764705882353	0.5	0.5	0.5764705882352941	0.5764705882352941	0.8235294117647058	0.7352941176470589
0	0	0	0	0	0	0	0	0	0	0.38235294117647056	0.38235294117647056	0.4411764705882353	0.4411764705882353	0.5	0.5	0.5764705882352941	0.5764705882352941	0.8235294117647058	0.7352941176470589
